INSERT INTO DEV_CATALOG(ID,NAME,CATALOG_NO) VALUES('1', '取款机', '01');
INSERT INTO DEV_CATALOG(ID,NAME,CATALOG_NO) VALUES('2', '存取款机', '02');
INSERT INTO DEV_CATALOG(ID,NAME,CATALOG_NO) VALUES('3', '多媒体查询机', '03');

INSERT INTO DEV_MODULE(ID,NAME,MOD_NO,NOTE,IS_CASE) VALUES ('10', 'IDC', '0001', '读卡器','1');
INSERT INTO DEV_MODULE(ID,NAME,MOD_NO,NOTE,IS_CASE) VALUES ('20', 'PIN', '0002', '密码键盘','1');
INSERT INTO DEV_MODULE(ID,NAME,MOD_NO,NOTE,IS_CASE) VALUES ('30', 'CDM', '0003', '取款模块','1');
INSERT INTO DEV_MODULE(ID,NAME,MOD_NO,NOTE,IS_CASE) VALUES ('40', 'CIM', '0004', '存款模块','1');
INSERT INTO DEV_MODULE(ID,NAME,MOD_NO,NOTE,IS_CASE) VALUES ('50', 'JPR', '0005', '日志打印机','1');
INSERT INTO DEV_MODULE(ID,NAME,MOD_NO,NOTE,IS_CASE) VALUES ('60', 'RPR', '0006', '凭条打印机','1');
INSERT INTO DEV_MODULE(ID,NAME,MOD_NO,NOTE,IS_CASE) VALUES ('70', 'PBK', '0007', '存折打印机','1');
INSERT INTO DEV_MODULE(ID,NAME,MOD_NO,NOTE,IS_CASE) VALUES ('80', 'TTU', '0008', '文本终端单元','1');
INSERT INTO DEV_MODULE(ID,NAME,MOD_NO,NOTE,IS_CASE) VALUES ('90', 'SIU', '0009', '传感器模块','1');
INSERT INTO DEV_MODULE(ID,NAME,MOD_NO,NOTE,IS_CASE) VALUES ('100', 'ISC', '0010', '身份证扫描仪','1');
INSERT INTO DEV_MODULE(ID,NAME,MOD_NO,NOTE,IS_CASE) VALUES ('110', 'ICC', '0011', '发卡器模块','1');
INSERT INTO DEV_MODULE(ID,NAME,MOD_NO,NOTE,IS_CASE) VALUES ('120', 'FGP', '0012', '指纹仪模块','1');
INSERT INTO DEV_MODULE(ID,NAME,MOD_NO,NOTE,IS_CASE) VALUES ('130', 'BCR', '0013', '二维码扫描','1');
INSERT INTO DEV_MODULE(ID,NAME,MOD_NO,NOTE,IS_CASE) VALUES ('140', 'CAM', '0014', '摄像头','1');
INSERT INTO DEV_MODULE(ID,NAME,MOD_NO,NOTE,IS_CASE) VALUES ('150', 'NFC', '0015', '非接读卡器','1');


INSERT INTO SM_PARAM(ID,PARAM_CLASSIFY,DESCIPTION,PARAM_KEY,PARAM_VALUE,PARAM_TYPE) VALUES ('1', '0', '监控服务文件存放根路径', 'fish_home', 'd:\\fish_home','系统配置');
INSERT INTO SM_PARAM(ID,PARAM_CLASSIFY,DESCIPTION,PARAM_KEY,PARAM_VALUE,PARAM_TYPE) VALUES ('2', '1', 'Remote服务监听端口', 'atm_port', '8080','客户端配置');
INSERT INTO SM_PARAM(ID,PARAM_CLASSIFY,DESCIPTION,PARAM_KEY,PARAM_VALUE,PARAM_TYPE) VALUES ('3', '1', 'ATM APP日志存放规则', 'atm_log_file_cfg', 'bizLog_{terminalId}_{YYYY-MM-DD}.zip','备份规则配置');
INSERT INTO SM_PARAM(ID,PARAM_CLASSIFY,DESCIPTION,PARAM_KEY,PARAM_VALUE,PARAM_TYPE) VALUES ('4', '1', 'ATM APP日志存放路径', 'atm_log_doc', 'c:\\yihua\\gump\\log','备份规则配置');
INSERT INTO SM_PARAM(ID,PARAM_CLASSIFY,DESCIPTION,PARAM_KEY,PARAM_VALUE,PARAM_TYPE) VALUES ('5', '1', '获取设备离线时间(单位:分钟)', 'device_offline', '30','客户端配置');
INSERT INTO SM_PARAM(ID,PARAM_CLASSIFY,DESCIPTION,PARAM_KEY,PARAM_VALUE,PARAM_TYPE) VALUES ('8', '0', '系统注册序列号', 'register_serial', 'V10520-FEDDJD-A76104-PJFDGK-HEDFEF1150','系统配置');
INSERT INTO SM_PARAM(ID,PARAM_CLASSIFY,DESCIPTION,PARAM_KEY,PARAM_VALUE,PARAM_TYPE) VALUES ('9', '1', 'ATM开机与监控对时开关(ON/OFF)', 'check_time', 'ON','客户端配置');
INSERT INTO SM_PARAM(ID,PARAM_CLASSIFY,DESCIPTION,PARAM_KEY,PARAM_VALUE,PARAM_TYPE) VALUES ('10', '1', '故障处理并发数', 'status_handle_count', '30','系统配置');
INSERT INTO SM_PARAM(ID,PARAM_CLASSIFY,DESCIPTION,PARAM_KEY,PARAM_VALUE,PARAM_TYPE) VALUES ('11', '1', '下载文件并发数', 'device_update_count', '30','系统配置');
INSERT INTO SM_PARAM(ID,PARAM_CLASSIFY,DESCIPTION,PARAM_KEY,PARAM_VALUE,PARAM_TYPE) VALUES ('12', '0', 'BS广告服务器路径', 'bsAdvertServerPath', 'D:\\tomcat\\webapps\\ROOT\\advert','BS广告配置');
INSERT INTO SM_PARAM(ID,PARAM_CLASSIFY,DESCIPTION,PARAM_KEY,PARAM_VALUE,PARAM_TYPE) VALUES ('13', '0', '参数发布并发数', 'param_update_count', '30','系统配置');


INSERT INTO SM_PERMISSION(PERMISSION_ID,PER_ACTION,CODE,DESCRIPTION,PARENT_ID,IS_BUTTON) VALUES ('0',  null, 'root','菜单列表',null,'0');
INSERT INTO SM_PERMISSION(PERMISSION_ID,PER_ACTION,CODE,DESCRIPTION,PARENT_ID,IS_BUTTON) VALUES ('A',  null, 'info','系统管理','0','0');
INSERT INTO SM_PERMISSION(PERMISSION_ID,PER_ACTION,CODE,DESCRIPTION,PARENT_ID,IS_BUTTON) VALUES ('A01',  null, 'bankOrg','银行机构管理','A','0');
INSERT INTO SM_PERMISSION(PERMISSION_ID,PER_ACTION,CODE,DESCRIPTION,PARENT_ID,IS_BUTTON) VALUES ('A0101',  null, 'bankOrgQuery','查询','A01','1');
INSERT INTO SM_PERMISSION(PERMISSION_ID,PER_ACTION,CODE,DESCRIPTION,PARENT_ID,IS_BUTTON) VALUES ('A0102',  null, 'bankOrgAdd','增加','A01','1');
INSERT INTO SM_PERMISSION(PERMISSION_ID,PER_ACTION,CODE,DESCRIPTION,PARENT_ID,IS_BUTTON) VALUES ('A0103',  null, 'bankOrgUpdate','更改','A01','1');
INSERT INTO SM_PERMISSION(PERMISSION_ID,PER_ACTION,CODE,DESCRIPTION,PARENT_ID,IS_BUTTON) VALUES ('A0104',  null, 'bankOrgDel','删除','A01','1');
INSERT INTO SM_PERMISSION(PERMISSION_ID,PER_ACTION,CODE,DESCRIPTION,PARENT_ID,IS_BUTTON) VALUES ('A0105',  null, 'bankOrgAdmin','管理员','A01','1');
INSERT INTO SM_PERMISSION(PERMISSION_ID,PER_ACTION,CODE,DESCRIPTION,PARENT_ID,IS_BUTTON) VALUES ('A0106',  null, 'bankOrgMove','组织迁移','A01','1');
INSERT INTO SM_PERMISSION(PERMISSION_ID,PER_ACTION,CODE,DESCRIPTION,PARENT_ID,IS_BUTTON) VALUES ('A02',  null, 'bankPer','银行人员管理','A','0');
INSERT INTO SM_PERMISSION(PERMISSION_ID,PER_ACTION,CODE,DESCRIPTION,PARENT_ID,IS_BUTTON) VALUES ('A0201',  null, 'bankPerQuery','查询','A02','1');
INSERT INTO SM_PERMISSION(PERMISSION_ID,PER_ACTION,CODE,DESCRIPTION,PARENT_ID,IS_BUTTON) VALUES ('A0202',  null, 'bankPerAdd','增加','A02','1');
INSERT INTO SM_PERMISSION(PERMISSION_ID,PER_ACTION,CODE,DESCRIPTION,PARENT_ID,IS_BUTTON) VALUES ('A0203',  null, 'bankPerUpdate','更改','A02','1');
INSERT INTO SM_PERMISSION(PERMISSION_ID,PER_ACTION,CODE,DESCRIPTION,PARENT_ID,IS_BUTTON) VALUES ('A0204',  null, 'bankPerDel','删除','A02','1');
INSERT INTO SM_PERMISSION(PERMISSION_ID,PER_ACTION,CODE,DESCRIPTION,PARENT_ID,IS_BUTTON) VALUES ('A0205',  null, 'bankPerlink','关联设备','A02','1');
INSERT INTO SM_PERMISSION(PERMISSION_ID,PER_ACTION,CODE,DESCRIPTION,PARENT_ID,IS_BUTTON) VALUES ('A03',  null, 'serviceOrg','维护商管理','A','0');
INSERT INTO SM_PERMISSION(PERMISSION_ID,PER_ACTION,CODE,DESCRIPTION,PARENT_ID,IS_BUTTON) VALUES ('A0301',  null, 'serviceOrgQuery','查询','A03','1');
INSERT INTO SM_PERMISSION(PERMISSION_ID,PER_ACTION,CODE,DESCRIPTION,PARENT_ID,IS_BUTTON) VALUES ('A0302',  null, 'serviceOrgAdd','增加','A03','1');
INSERT INTO SM_PERMISSION(PERMISSION_ID,PER_ACTION,CODE,DESCRIPTION,PARENT_ID,IS_BUTTON) VALUES ('A0303',  null, 'serviceOrgUpdate','更改','A03','1');
INSERT INTO SM_PERMISSION(PERMISSION_ID,PER_ACTION,CODE,DESCRIPTION,PARENT_ID,IS_BUTTON) VALUES ('A0304',  null, 'serviceOrgDel','删除','A03','1');
INSERT INTO SM_PERMISSION(PERMISSION_ID,PER_ACTION,CODE,DESCRIPTION,PARENT_ID,IS_BUTTON) VALUES ('A0305',  null, 'serviceOrgAdmin','管理员','A03','1');
INSERT INTO SM_PERMISSION(PERMISSION_ID,PER_ACTION,CODE,DESCRIPTION,PARENT_ID,IS_BUTTON) VALUES ('A04',  null, 'servicePer','维护人员管理','A','0');
INSERT INTO SM_PERMISSION(PERMISSION_ID,PER_ACTION,CODE,DESCRIPTION,PARENT_ID,IS_BUTTON) VALUES ('A0401',  null, 'servicePerQuery','查询','A04','1');
INSERT INTO SM_PERMISSION(PERMISSION_ID,PER_ACTION,CODE,DESCRIPTION,PARENT_ID,IS_BUTTON) VALUES ('A0402',  null, 'servicePerAdd','增加','A04','1');
INSERT INTO SM_PERMISSION(PERMISSION_ID,PER_ACTION,CODE,DESCRIPTION,PARENT_ID,IS_BUTTON) VALUES ('A0403',  null, 'servicePerUpdate','更改','A04','1');
INSERT INTO SM_PERMISSION(PERMISSION_ID,PER_ACTION,CODE,DESCRIPTION,PARENT_ID,IS_BUTTON) VALUES ('A0404',  null, 'servicePerDel','删除','A04','1');
INSERT INTO SM_PERMISSION(PERMISSION_ID,PER_ACTION,CODE,DESCRIPTION,PARENT_ID,IS_BUTTON) VALUES ('A0405',  null, 'servicePerlink','关联设备','A04','1');
INSERT INTO SM_PERMISSION(PERMISSION_ID,PER_ACTION,CODE,DESCRIPTION,PARENT_ID,IS_BUTTON) VALUES ('A05',  null, 'user','用户管理','A','0');
INSERT INTO SM_PERMISSION(PERMISSION_ID,PER_ACTION,CODE,DESCRIPTION,PARENT_ID,IS_BUTTON) VALUES ('A0501',  null, 'userQuery','查询','A05','1');
INSERT INTO SM_PERMISSION(PERMISSION_ID,PER_ACTION,CODE,DESCRIPTION,PARENT_ID,IS_BUTTON) VALUES ('A0502',  null, 'userAdd','增加','A05','1');
INSERT INTO SM_PERMISSION(PERMISSION_ID,PER_ACTION,CODE,DESCRIPTION,PARENT_ID,IS_BUTTON) VALUES ('A0503',  null, 'userUpdate','更改','A05','1');
INSERT INTO SM_PERMISSION(PERMISSION_ID,PER_ACTION,CODE,DESCRIPTION,PARENT_ID,IS_BUTTON) VALUES ('A0504',  null, 'userDel','删除','A05','1');

INSERT INTO SM_PERMISSION(PERMISSION_ID,PER_ACTION,CODE,DESCRIPTION,PARENT_ID,IS_BUTTON) VALUES ('A08', null, 'role','角色管理','A','0');
INSERT INTO SM_PERMISSION(PERMISSION_ID,PER_ACTION,CODE,DESCRIPTION,PARENT_ID,IS_BUTTON) VALUES ('A0801',  null, 'roleQuery','查询','A08','1');
INSERT INTO SM_PERMISSION(PERMISSION_ID,PER_ACTION,CODE,DESCRIPTION,PARENT_ID,IS_BUTTON) VALUES ('A0802',  null, 'roleAdd','增加','A08','1');
INSERT INTO SM_PERMISSION(PERMISSION_ID,PER_ACTION,CODE,DESCRIPTION,PARENT_ID,IS_BUTTON) VALUES ('A0803',  null, 'roleUpdate','更改','A08','1');
INSERT INTO SM_PERMISSION(PERMISSION_ID,PER_ACTION,CODE,DESCRIPTION,PARENT_ID,IS_BUTTON) VALUES ('A0804',  null, 'roleDel','删除','A08','1');

INSERT INTO SM_PERMISSION(PERMISSION_ID,PER_ACTION,CODE,DESCRIPTION,PARENT_ID,IS_BUTTON) VALUES ('A09', null, 'configuration','系统配置','A','0');
INSERT INTO SM_PERMISSION(PERMISSION_ID,PER_ACTION,CODE,DESCRIPTION,PARENT_ID,IS_BUTTON) VALUES ('A0901',  null, 'configurationUpdateQuery','查询','A09','1');
INSERT INTO SM_PERMISSION(PERMISSION_ID,PER_ACTION,CODE,DESCRIPTION,PARENT_ID,IS_BUTTON) VALUES ('A0902',  null, 'configurationUpdate','更改','A09','1');

INSERT INTO SM_PERMISSION(PERMISSION_ID,PER_ACTION,CODE,DESCRIPTION,PARENT_ID,IS_BUTTON) VALUES ('B',  null, 'deviceMgr','设备管理','0','0');
INSERT INTO SM_PERMISSION(PERMISSION_ID,PER_ACTION,CODE,DESCRIPTION,PARENT_ID,IS_BUTTON) VALUES ('B01', null, 'device','设备信息管理','B','0');
INSERT INTO SM_PERMISSION(PERMISSION_ID,PER_ACTION,CODE,DESCRIPTION,PARENT_ID,IS_BUTTON) VALUES ('B0101',  null, 'deviceQuery','查询','B01','1');
INSERT INTO SM_PERMISSION(PERMISSION_ID,PER_ACTION,CODE,DESCRIPTION,PARENT_ID,IS_BUTTON) VALUES ('B0102',  null, 'deviceAdd','增加','B01','1');
INSERT INTO SM_PERMISSION(PERMISSION_ID,PER_ACTION,CODE,DESCRIPTION,PARENT_ID,IS_BUTTON) VALUES ('B0103',  null, 'deviceUpdate','更改','B01','1');
INSERT INTO SM_PERMISSION(PERMISSION_ID,PER_ACTION,CODE,DESCRIPTION,PARENT_ID,IS_BUTTON) VALUES ('B0104',  null, 'deviceDel','删除','B01','1');
INSERT INTO SM_PERMISSION(PERMISSION_ID,PER_ACTION,CODE,DESCRIPTION,PARENT_ID,IS_BUTTON) VALUES ('B0105',  null, 'deviceOpenPlan','关联开机方案','B01','1');
INSERT INTO SM_PERMISSION(PERMISSION_ID,PER_ACTION,CODE,DESCRIPTION,PARENT_ID,IS_BUTTON) VALUES ('B0106',  null, 'deviceExport','导出','B01','1');
INSERT INTO SM_PERMISSION(PERMISSION_ID,PER_ACTION,CODE,DESCRIPTION,PARENT_ID,IS_BUTTON) VALUES ('B0107',  null, 'deviceInfo','详细信息','B01','1');

INSERT INTO SM_PERMISSION(PERMISSION_ID,PER_ACTION,CODE,DESCRIPTION,PARENT_ID,IS_BUTTON) VALUES ('B03', null, 'atmBrand','设备品牌','B','0');
INSERT INTO SM_PERMISSION(PERMISSION_ID,PER_ACTION,CODE,DESCRIPTION,PARENT_ID,IS_BUTTON) VALUES ('B0301',  null, 'atmBrandQuery','查询','B03','1');
INSERT INTO SM_PERMISSION(PERMISSION_ID,PER_ACTION,CODE,DESCRIPTION,PARENT_ID,IS_BUTTON) VALUES ('B0302',  null, 'atmBrandAdd','增加','B03','1');
INSERT INTO SM_PERMISSION(PERMISSION_ID,PER_ACTION,CODE,DESCRIPTION,PARENT_ID,IS_BUTTON) VALUES ('B0303',  null, 'atmBrandUpdate','更改','B03','1');
INSERT INTO SM_PERMISSION(PERMISSION_ID,PER_ACTION,CODE,DESCRIPTION,PARENT_ID,IS_BUTTON) VALUES ('B0304',  null, 'atmBrandDel','删除','B03','1');
INSERT INTO SM_PERMISSION(PERMISSION_ID,PER_ACTION,CODE,DESCRIPTION,PARENT_ID,IS_BUTTON) VALUES ('B04', null, 'atmType','设备型号','B','0');
INSERT INTO SM_PERMISSION(PERMISSION_ID,PER_ACTION,CODE,DESCRIPTION,PARENT_ID,IS_BUTTON) VALUES ('B0401',  null, 'atmTypeQuery','查询','B04','1');
INSERT INTO SM_PERMISSION(PERMISSION_ID,PER_ACTION,CODE,DESCRIPTION,PARENT_ID,IS_BUTTON) VALUES ('B0402',  null, 'atmTypeAdd','增加','B04','1');
INSERT INTO SM_PERMISSION(PERMISSION_ID,PER_ACTION,CODE,DESCRIPTION,PARENT_ID,IS_BUTTON) VALUES ('B0403',  null, 'atmTypeUpdate','更改','B04','1');
INSERT INTO SM_PERMISSION(PERMISSION_ID,PER_ACTION,CODE,DESCRIPTION,PARENT_ID,IS_BUTTON) VALUES ('B0404',  null, 'atmTypeDel','删除','B04','1');
INSERT INTO SM_PERMISSION(PERMISSION_ID,PER_ACTION,CODE,DESCRIPTION,PARENT_ID,IS_BUTTON) VALUES ('B05', null, 'atmGroup','设备分组','B','0');
INSERT INTO SM_PERMISSION(PERMISSION_ID,PER_ACTION,CODE,DESCRIPTION,PARENT_ID,IS_BUTTON) VALUES ('B0501',  null, 'atmGroupQuery','查询','B05','1');
INSERT INTO SM_PERMISSION(PERMISSION_ID,PER_ACTION,CODE,DESCRIPTION,PARENT_ID,IS_BUTTON) VALUES ('B0502',  null, 'atmGroupAdd','增加','B05','1');
INSERT INTO SM_PERMISSION(PERMISSION_ID,PER_ACTION,CODE,DESCRIPTION,PARENT_ID,IS_BUTTON) VALUES ('B0503',  null, 'atmGroupUpdate','更改','B05','1');
INSERT INTO SM_PERMISSION(PERMISSION_ID,PER_ACTION,CODE,DESCRIPTION,PARENT_ID,IS_BUTTON) VALUES ('B0504',  null, 'atmGroupDel','删除','B05','1');
INSERT INTO SM_PERMISSION(PERMISSION_ID,PER_ACTION,CODE,DESCRIPTION,PARENT_ID,IS_BUTTON) VALUES ('B0508',  null, 'showDetail','分组详情','B05','1');

INSERT INTO SM_PERMISSION(PERMISSION_ID,PER_ACTION,CODE,DESCRIPTION,PARENT_ID,IS_BUTTON) VALUES ('B0505',  null, 'atmGroupDeviceQuery','查询设备','B05','1');
INSERT INTO SM_PERMISSION(PERMISSION_ID,PER_ACTION,CODE,DESCRIPTION,PARENT_ID,IS_BUTTON) VALUES ('B0506',  null, 'atmGroupDeviceAdd','增加设备','B05','1');
INSERT INTO SM_PERMISSION(PERMISSION_ID,PER_ACTION,CODE,DESCRIPTION,PARENT_ID,IS_BUTTON) VALUES ('B0507',  null, 'atmGroupDeviceDel','删除设备','B05','1');

INSERT INTO SM_PERMISSION(PERMISSION_ID,PER_ACTION,CODE,DESCRIPTION,PARENT_ID,IS_BUTTON) VALUES ('B06', null, 'device_quittingNotice','报停管理','B','0');
INSERT INTO SM_PERMISSION(PERMISSION_ID,PER_ACTION,CODE,DESCRIPTION,PARENT_ID,IS_BUTTON) VALUES ('B0601', null, 'quittingNoticeQuery','查询','B06','1');
INSERT INTO SM_PERMISSION(PERMISSION_ID,PER_ACTION,CODE,DESCRIPTION,PARENT_ID,IS_BUTTON) VALUES ('B0602', null, 'quittingNoticeAdd','增加','B06','1');
INSERT INTO SM_PERMISSION(PERMISSION_ID,PER_ACTION,CODE,DESCRIPTION,PARENT_ID,IS_BUTTON) VALUES ('B0603', null, 'quittingNoticeUpdate','更改','B06','1');
INSERT INTO SM_PERMISSION(PERMISSION_ID,PER_ACTION,CODE,DESCRIPTION,PARENT_ID,IS_BUTTON) VALUES ('B0604', null, 'quittingNoticeDel','删除','B06','1');


INSERT INTO SM_PERMISSION(PERMISSION_ID,PER_ACTION,CODE,DESCRIPTION,PARENT_ID,IS_BUTTON) VALUES ('B08', null, 'retainCard','吞卡管理','B','0');
INSERT INTO SM_PERMISSION(PERMISSION_ID,PER_ACTION,CODE,DESCRIPTION,PARENT_ID,IS_BUTTON) VALUES ('B0801', null, 'cardQuery','查询','B08','1');
INSERT INTO SM_PERMISSION(PERMISSION_ID,PER_ACTION,CODE,DESCRIPTION,PARENT_ID,IS_BUTTON) VALUES ('B0802', null, 'cardAdd','增加','B08','1');
INSERT INTO SM_PERMISSION(PERMISSION_ID,PER_ACTION,CODE,DESCRIPTION,PARENT_ID,IS_BUTTON) VALUES ('B0803', null, 'cardDel','删除','B08','1');
INSERT INTO SM_PERMISSION(PERMISSION_ID,PER_ACTION,CODE,DESCRIPTION,PARENT_ID,IS_BUTTON) VALUES ('B0804', null, 'cardExport','导出','B08','1');

INSERT INTO SM_PERMISSION(PERMISSION_ID,PER_ACTION,CODE,DESCRIPTION,PARENT_ID,IS_BUTTON) VALUES ('B09', null, 'atmLog','应用日志','B','0');

INSERT INTO SM_PERMISSION(PERMISSION_ID,PER_ACTION,CODE,DESCRIPTION,PARENT_ID,IS_BUTTON) VALUES ('B10', null, 'servicePlan','开机方案','B','0');
INSERT INTO SM_PERMISSION(PERMISSION_ID,PER_ACTION,CODE,DESCRIPTION,PARENT_ID,IS_BUTTON) VALUES ('B1001', null, 'planLink','应用','B10','1');
INSERT INTO SM_PERMISSION(PERMISSION_ID,PER_ACTION,CODE,DESCRIPTION,PARENT_ID,IS_BUTTON) VALUES ('B1002', null, 'planDetail','详情','B10','1');
INSERT INTO SM_PERMISSION(PERMISSION_ID,PER_ACTION,CODE,DESCRIPTION,PARENT_ID,IS_BUTTON) VALUES ('B1003', null, 'planSeach','查询','B10','1');
INSERT INTO SM_PERMISSION(PERMISSION_ID,PER_ACTION,CODE,DESCRIPTION,PARENT_ID,IS_BUTTON) VALUES ('B1004', null, 'planAdd','增加','B10','1');
INSERT INTO SM_PERMISSION(PERMISSION_ID,PER_ACTION,CODE,DESCRIPTION,PARENT_ID,IS_BUTTON) VALUES ('B1005', null, 'planUpdate','更改','B10','1');
INSERT INTO SM_PERMISSION(PERMISSION_ID,PER_ACTION,CODE,DESCRIPTION,PARENT_ID,IS_BUTTON) VALUES ('B1006', null, 'planDel','删除','B10','1');

INSERT INTO SM_PERMISSION(PERMISSION_ID,PER_ACTION,CODE,DESCRIPTION,PARENT_ID,IS_BUTTON) VALUES ('C', null, 'monitor','实时监控','0','0');
INSERT INTO SM_PERMISSION(PERMISSION_ID,PER_ACTION,CODE,DESCRIPTION,PARENT_ID,IS_BUTTON) VALUES ('C01', null, 'monitor_device','状态监控','C','0');
INSERT INTO SM_PERMISSION(PERMISSION_ID,PER_ACTION,CODE,DESCRIPTION,PARENT_ID,IS_BUTTON) VALUES ('C02', null, 'monitorSummaryInfo','监控总览','C','0');
INSERT INTO SM_PERMISSION(PERMISSION_ID,PER_ACTION,CODE,DESCRIPTION,PARENT_ID,IS_BUTTON) VALUES ('C0101', null, 'remoteScreen','远程抓屏','C01','1');
INSERT INTO SM_PERMISSION(PERMISSION_ID,PER_ACTION,CODE,DESCRIPTION,PARENT_ID,IS_BUTTON) VALUES ('C0104', null, 'restart','重新启动','C01','1');
INSERT INTO SM_PERMISSION(PERMISSION_ID,PER_ACTION,CODE,DESCRIPTION,PARENT_ID,IS_BUTTON) VALUES ('C0105', null, 'logicOpen','开启服务','C01','1');
INSERT INTO SM_PERMISSION(PERMISSION_ID,PER_ACTION,CODE,DESCRIPTION,PARENT_ID,IS_BUTTON) VALUES ('C0106', null, 'logicClose','暂停服务','C01','1');
INSERT INTO SM_PERMISSION(PERMISSION_ID,PER_ACTION,CODE,DESCRIPTION,PARENT_ID,IS_BUTTON) VALUES ('C0107', null, 'remoteBrowser','远程浏览','C01','1');
INSERT INTO SM_PERMISSION(PERMISSION_ID,PER_ACTION,CODE,DESCRIPTION,PARENT_ID,IS_BUTTON) VALUES ('C010701', null, 'remoteUpFile','上传','C0107','1');
INSERT INTO SM_PERMISSION(PERMISSION_ID,PER_ACTION,CODE,DESCRIPTION,PARENT_ID,IS_BUTTON) VALUES ('C010702', null, 'remoteDownFile','下载','C0107','1');
INSERT INTO SM_PERMISSION(PERMISSION_ID,PER_ACTION,CODE,DESCRIPTION,PARENT_ID,IS_BUTTON) VALUES ('C010703', null, 'remoteMergeDownFile','批量下载','C0107','1');
INSERT INTO SM_PERMISSION(PERMISSION_ID,PER_ACTION,CODE,DESCRIPTION,PARENT_ID,IS_BUTTON) VALUES ('C0109', null, 'reset','强制复位','C01','1');
INSERT INTO SM_PERMISSION(PERMISSION_ID,PER_ACTION,CODE,DESCRIPTION,PARENT_ID,IS_BUTTON) VALUES ('C03', null, 'hits_trans','历史交易查询','C','0');
INSERT INTO SM_PERMISSION(PERMISSION_ID,PER_ACTION,CODE,DESCRIPTION,PARENT_ID,IS_BUTTON) VALUES ('C0301', null, 'hitsTransQuery','查询','C03','1');

INSERT INTO SM_PERMISSION(PERMISSION_ID,PER_ACTION,CODE,DESCRIPTION,PARENT_ID,IS_BUTTON) VALUES ('C04', null, 'monitor_trans','实时交易监控','C','0');
INSERT INTO SM_PERMISSION(PERMISSION_ID,PER_ACTION,CODE,DESCRIPTION,PARENT_ID,IS_BUTTON) VALUES ('C0401', null, 'TransactionStart','开始监控','C04','1');
INSERT INTO SM_PERMISSION(PERMISSION_ID,PER_ACTION,CODE,DESCRIPTION,PARENT_ID,IS_BUTTON) VALUES ('C0402', null, 'TransactionStop','停止监控','C04','1');
INSERT INTO SM_PERMISSION(PERMISSION_ID,PER_ACTION,CODE,DESCRIPTION,PARENT_ID,IS_BUTTON) VALUES ('C0403', null, 'TransactionClear','清屏','C04','1');

INSERT INTO SM_PERMISSION(PERMISSION_ID,PER_ACTION,CODE,DESCRIPTION,PARENT_ID,IS_BUTTON) VALUES ('C05', null, 'cash_init','加钞信息查询','C','0');
INSERT INTO SM_PERMISSION(PERMISSION_ID,PER_ACTION,CODE,DESCRIPTION,PARENT_ID,IS_BUTTON) VALUES ('C0501', null, 'cashInitQuery','查询','C05','1');
INSERT INTO SM_PERMISSION(PERMISSION_ID,PER_ACTION,CODE,DESCRIPTION,PARENT_ID,IS_BUTTON) VALUES ('C0502', null, 'cashInitInfo','详细信息','C05','1');

INSERT INTO SM_PERMISSION(PERMISSION_ID,PER_ACTION,CODE,DESCRIPTION,PARENT_ID,IS_BUTTON) VALUES ('C06', null, 'settlement','清机信息查询','C','0');
INSERT INTO SM_PERMISSION(PERMISSION_ID,PER_ACTION,CODE,DESCRIPTION,PARENT_ID,IS_BUTTON) VALUES ('C0601', null, 'settlementQuery','查询','C06','1');
INSERT INTO SM_PERMISSION(PERMISSION_ID,PER_ACTION,CODE,DESCRIPTION,PARENT_ID,IS_BUTTON) VALUES ('C0602', null, 'settlementDetail','详细信息','C06','1');

INSERT INTO SM_PERMISSION(PERMISSION_ID,PER_ACTION,CODE,DESCRIPTION,PARENT_ID,IS_BUTTON) VALUES ('C07', null, 'remoteCommand','远程命令查询','C','0');
INSERT INTO SM_PERMISSION(PERMISSION_ID,PER_ACTION,CODE,DESCRIPTION,PARENT_ID,IS_BUTTON) VALUES ('C0701', null, 'remoteCommandQuery','查询','C07','1');

INSERT INTO SM_PERMISSION(PERMISSION_ID,PER_ACTION,CODE,DESCRIPTION,PARENT_ID,IS_BUTTON) VALUES ('C08', null, 'monitor_new_trans','新实时交易监控','C','0');
INSERT INTO SM_PERMISSION(PERMISSION_ID,PER_ACTION,CODE,DESCRIPTION,PARENT_ID,IS_BUTTON) VALUES ('C0801', null, 'newStart','开始监控','C08','1');
INSERT INTO SM_PERMISSION(PERMISSION_ID,PER_ACTION,CODE,DESCRIPTION,PARENT_ID,IS_BUTTON) VALUES ('C0802', null, 'newStop','停止监控','C08','1');
INSERT INTO SM_PERMISSION(PERMISSION_ID,PER_ACTION,CODE,DESCRIPTION,PARENT_ID,IS_BUTTON) VALUES ('C0803', null, 'newClear','清屏','C08','1');

INSERT INTO SM_PERMISSION(PERMISSION_ID,PER_ACTION,CODE,DESCRIPTION,PARENT_ID,IS_BUTTON) VALUES ('C09', null, 'transCodeColor','交易返回码设置','C','0');
INSERT INTO SM_PERMISSION(PERMISSION_ID,PER_ACTION,CODE,DESCRIPTION,PARENT_ID,IS_BUTTON) VALUES ('C0901', null, 'transactionColorAdd','增加','C09','1');
INSERT INTO SM_PERMISSION(PERMISSION_ID,PER_ACTION,CODE,DESCRIPTION,PARENT_ID,IS_BUTTON) VALUES ('C0902', null, 'transactionColorUpdate','修改','C09','1');
INSERT INTO SM_PERMISSION(PERMISSION_ID,PER_ACTION,CODE,DESCRIPTION,PARENT_ID,IS_BUTTON) VALUES ('C0903', null, 'transactionColorDel','删除','C09','1');
INSERT INTO SM_PERMISSION(PERMISSION_ID,PER_ACTION,CODE,DESCRIPTION,PARENT_ID,IS_BUTTON) VALUES ('C0904', null, 'transactionColorQuery','查询','C09','1');

INSERT INTO SM_PERMISSION(PERMISSION_ID,PER_ACTION,CODE,DESCRIPTION,PARENT_ID,IS_BUTTON) VALUES ('D', null, 'softDistribute','应用管理','0','0');
INSERT INTO SM_PERMISSION(PERMISSION_ID,PER_ACTION,CODE,DESCRIPTION,PARENT_ID,IS_BUTTON) VALUES ('D01', null, 'version','版本管理','D','0');
INSERT INTO SM_PERMISSION(PERMISSION_ID,PER_ACTION,CODE,DESCRIPTION,PARENT_ID,IS_BUTTON) VALUES ('D0101', null, 'versionQuery','查询','D01','1');
INSERT INTO SM_PERMISSION(PERMISSION_ID,PER_ACTION,CODE,DESCRIPTION,PARENT_ID,IS_BUTTON) VALUES ('D0102', null, 'versionExportBtn','下发','D01','1');
INSERT INTO SM_PERMISSION(PERMISSION_ID,PER_ACTION,CODE,DESCRIPTION,PARENT_ID,IS_BUTTON) VALUES ('D0103', null, 'versionAdd','增加','D01','1');
INSERT INTO SM_PERMISSION(PERMISSION_ID,PER_ACTION,CODE,DESCRIPTION,PARENT_ID,IS_BUTTON) VALUES ('D0104', null, 'versionUpdate','更改','D01','1');
INSERT INTO SM_PERMISSION(PERMISSION_ID,PER_ACTION,CODE,DESCRIPTION,PARENT_ID,IS_BUTTON) VALUES ('D0105', null, 'versionDel','删除','D01','1');
INSERT INTO SM_PERMISSION(PERMISSION_ID,PER_ACTION,CODE,DESCRIPTION,PARENT_ID,IS_BUTTON) VALUES ('D02', null, 'advert','广告管理','D','0');
INSERT INTO SM_PERMISSION(PERMISSION_ID,PER_ACTION,CODE,DESCRIPTION,PARENT_ID,IS_BUTTON) VALUES ('D0201', null, 'advertQuery','查询','D02','1');
INSERT INTO SM_PERMISSION(PERMISSION_ID,PER_ACTION,CODE,DESCRIPTION,PARENT_ID,IS_BUTTON) VALUES ('D0202', null, 'advertCreate','创建广告','D02','1');
INSERT INTO SM_PERMISSION(PERMISSION_ID,PER_ACTION,CODE,DESCRIPTION,PARENT_ID,IS_BUTTON) VALUES ('D020201', null, 'advertWait','创建等待插卡广告','D0202','1');
INSERT INTO SM_PERMISSION(PERMISSION_ID,PER_ACTION,CODE,DESCRIPTION,PARENT_ID,IS_BUTTON) VALUES ('D020203', null, 'advertText','创建文字滚动广告','D0202','1');
INSERT INTO SM_PERMISSION(PERMISSION_ID,PER_ACTION,CODE,DESCRIPTION,PARENT_ID,IS_BUTTON) VALUES ('D0203', null, 'advertDownAdvert','下发广告','D02','1');
INSERT INTO SM_PERMISSION(PERMISSION_ID,PER_ACTION,CODE,DESCRIPTION,PARENT_ID,IS_BUTTON) VALUES ('D0204', null, 'advertPreview','广告预览','D02','1');
INSERT INTO SM_PERMISSION(PERMISSION_ID,PER_ACTION,CODE,DESCRIPTION,PARENT_ID,IS_BUTTON) VALUES ('D0205', null, 'advertDel','删除','D02','1');

INSERT INTO SM_PERMISSION(PERMISSION_ID,PER_ACTION,CODE,DESCRIPTION,PARENT_ID,IS_BUTTON) VALUES ('D03', null, 'versionMonitor','分发监控','D','0');
INSERT INTO SM_PERMISSION(PERMISSION_ID,PER_ACTION,CODE,DESCRIPTION,PARENT_ID,IS_BUTTON) VALUES ('D0301', null, 'jobQuery','作业查询','D03','1');
INSERT INTO SM_PERMISSION(PERMISSION_ID,PER_ACTION,CODE,DESCRIPTION,PARENT_ID,IS_BUTTON) VALUES ('D0302', null, 'versionMonitorDel','撤销作业','D03','1');
INSERT INTO SM_PERMISSION(PERMISSION_ID,PER_ACTION,CODE,DESCRIPTION,PARENT_ID,IS_BUTTON) VALUES ('D0303', null, 'jobDetail','查看作业明细','D03','1');
INSERT INTO SM_PERMISSION(PERMISSION_ID,PER_ACTION,CODE,DESCRIPTION,PARENT_ID,IS_BUTTON) VALUES ('D0304', null, 'taskAutoRefresh','自动刷新','D03','1');
INSERT INTO SM_PERMISSION(PERMISSION_ID,PER_ACTION,CODE,DESCRIPTION,PARENT_ID,IS_BUTTON) VALUES ('D0305', null, 'taskQuery','任务查询','D03','1');
INSERT INTO SM_PERMISSION(PERMISSION_ID,PER_ACTION,CODE,DESCRIPTION,PARENT_ID,IS_BUTTON) VALUES ('D0306', null, 'resetStatus','任务重置','D03','1');

INSERT INTO SM_PERMISSION(PERMISSION_ID,PER_ACTION,CODE,DESCRIPTION,PARENT_ID,IS_BUTTON) VALUES ('D04', null, 'deviceVersion','设备版本','D','0');
INSERT INTO SM_PERMISSION(PERMISSION_ID,PER_ACTION,CODE,DESCRIPTION,PARENT_ID,IS_BUTTON) VALUES ('D0401', null, 'deviceVersionQuery','查询','D04','1');
INSERT INTO SM_PERMISSION(PERMISSION_ID,PER_ACTION,CODE,DESCRIPTION,PARENT_ID,IS_BUTTON) VALUES ('D0402', null, 'deviceVersionHisInfo','查看设备历史版本','D04','1');
INSERT INTO SM_PERMISSION(PERMISSION_ID,PER_ACTION,CODE,DESCRIPTION,PARENT_ID,IS_BUTTON) VALUES ('D05', null, 'versionType','应用类型管理','D','0');
INSERT INTO SM_PERMISSION(PERMISSION_ID,PER_ACTION,CODE,DESCRIPTION,PARENT_ID,IS_BUTTON) VALUES ('D0501', null, 'versionTypeQuery','查询','D05','1');
INSERT INTO SM_PERMISSION(PERMISSION_ID,PER_ACTION,CODE,DESCRIPTION,PARENT_ID,IS_BUTTON) VALUES ('D0502', null, 'versionTypeAdd','增加','D05','1');
INSERT INTO SM_PERMISSION(PERMISSION_ID,PER_ACTION,CODE,DESCRIPTION,PARENT_ID,IS_BUTTON) VALUES ('D0503', null, 'versionTypeDel','删除','D05','1');
INSERT INTO SM_PERMISSION(PERMISSION_ID,PER_ACTION,CODE,DESCRIPTION,PARENT_ID,IS_BUTTON) VALUES ('D0504', null, 'versionTypeUpdate','修改','D05','1');
INSERT INTO SM_PERMISSION(PERMISSION_ID,PER_ACTION,CODE,DESCRIPTION,PARENT_ID,IS_BUTTON) VALUES ('D06', null, 'versionDistribute','版本分布图','D','0');


INSERT INTO SM_PERMISSION(PERMISSION_ID,PER_ACTION,CODE,DESCRIPTION,PARENT_ID,IS_BUTTON) VALUES ('D07', null, 'bsAdvertGroup','BS广告组管理','D','0');
INSERT INTO SM_PERMISSION(PERMISSION_ID,PER_ACTION,CODE,DESCRIPTION,PARENT_ID,IS_BUTTON) VALUES ('D0701', null, 'bsAdvertGroupQuery','查询','D07','1');
INSERT INTO SM_PERMISSION(PERMISSION_ID,PER_ACTION,CODE,DESCRIPTION,PARENT_ID,IS_BUTTON) VALUES ('D0702', null, 'bsAdvertGroupCreate','增加广告组','D07','1');
INSERT INTO SM_PERMISSION(PERMISSION_ID,PER_ACTION,CODE,DESCRIPTION,PARENT_ID,IS_BUTTON) VALUES ('D0703', null, 'bsAdvertGroupUpdate','更改广告组','D07','1');
INSERT INTO SM_PERMISSION(PERMISSION_ID,PER_ACTION,CODE,DESCRIPTION,PARENT_ID,IS_BUTTON) VALUES ('D0704', null, 'bsAdvertGroupDel','删除广告组','D07','1');
INSERT INTO SM_PERMISSION(PERMISSION_ID,PER_ACTION,CODE,DESCRIPTION,PARENT_ID,IS_BUTTON) VALUES ('D0705', null, 'bsAdvertGroupLinkDevice','关联设备','D07','1');
INSERT INTO SM_PERMISSION(PERMISSION_ID,PER_ACTION,CODE,DESCRIPTION,PARENT_ID,IS_BUTTON) VALUES ('D0706', null, 'bsadvertGroupPreview','广告预览','D07','1');


INSERT INTO SM_PERMISSION(PERMISSION_ID,PER_ACTION,CODE,DESCRIPTION,PARENT_ID,IS_BUTTON) VALUES ('D08', null, 'bsAdvert','BS广告管理','D','0');
INSERT INTO SM_PERMISSION(PERMISSION_ID,PER_ACTION,CODE,DESCRIPTION,PARENT_ID,IS_BUTTON) VALUES ('D0801', null, 'bsAdvertQuery','BS广告查询','D08','1');
INSERT INTO SM_PERMISSION(PERMISSION_ID,PER_ACTION,CODE,DESCRIPTION,PARENT_ID,IS_BUTTON) VALUES ('D0802', null, 'bsAdvertAdd','BS广告增加','D08','1');
INSERT INTO SM_PERMISSION(PERMISSION_ID,PER_ACTION,CODE,DESCRIPTION,PARENT_ID,IS_BUTTON) VALUES ('D0803', null, 'bsAdvertUpdate','BS广告更改','D08','1');
INSERT INTO SM_PERMISSION(PERMISSION_ID,PER_ACTION,CODE,DESCRIPTION,PARENT_ID,IS_BUTTON) VALUES ('D0804', null, 'bsAdvertDel','BS广告删除','D08','1');
INSERT INTO SM_PERMISSION(PERMISSION_ID,PER_ACTION,CODE,DESCRIPTION,PARENT_ID,IS_BUTTON) VALUES ('D0805', null, 'bsAdvertActive','BS广告激活','D08','1');
INSERT INTO SM_PERMISSION(PERMISSION_ID,PER_ACTION,CODE,DESCRIPTION,PARENT_ID,IS_BUTTON) VALUES ('D0806', null, 'bsadvertPreview','广告预览','D08','1');




INSERT INTO SM_PERMISSION(PERMISSION_ID,PER_ACTION,CODE,DESCRIPTION,PARENT_ID,IS_BUTTON) VALUES ('E', null, 'case','故障管理','0','0');
INSERT INTO SM_PERMISSION(PERMISSION_ID,PER_ACTION,CODE,DESCRIPTION,PARENT_ID,IS_BUTTON) VALUES ('E01', null, 'notifyMould','短信内容配置','E','0');
INSERT INTO SM_PERMISSION(PERMISSION_ID,PER_ACTION,CODE,DESCRIPTION,PARENT_ID,IS_BUTTON) VALUES ('E0101', null, 'messageUpdate','更改','E01','1');

INSERT INTO SM_PERMISSION(PERMISSION_ID,PER_ACTION,CODE,DESCRIPTION,PARENT_ID,IS_BUTTON) VALUES ('E02', null, 'casenotify','短信查询','E','0');
INSERT INTO SM_PERMISSION(PERMISSION_ID,PER_ACTION,CODE,DESCRIPTION,PARENT_ID,IS_BUTTON) VALUES ('E0201', null, 'messagQuery','查询','E02','1');

INSERT INTO SM_PERMISSION(PERMISSION_ID,PER_ACTION,CODE,DESCRIPTION,PARENT_ID,IS_BUTTON) VALUES ('E03', null, 'faultConfig','故障类型配置','E','0');
INSERT INTO SM_PERMISSION(PERMISSION_ID,PER_ACTION,CODE,DESCRIPTION,PARENT_ID,IS_BUTTON) VALUES ('E0301', null, 'faultClassifyUpdate','更改','E03','1');

INSERT INTO SM_PERMISSION(PERMISSION_ID,PER_ACTION,CODE,DESCRIPTION,PARENT_ID,IS_BUTTON) VALUES ('E04', null, 'casefault','故障查询','E','0');
INSERT INTO SM_PERMISSION(PERMISSION_ID,PER_ACTION,CODE,DESCRIPTION,PARENT_ID,IS_BUTTON) VALUES ('E0401', null, 'casefaultExport','导出','E04','1');
INSERT INTO SM_PERMISSION(PERMISSION_ID,PER_ACTION,CODE,DESCRIPTION,PARENT_ID,IS_BUTTON) VALUES ('E0402', null, 'casefaultQuery','查询','E04','1');

INSERT INTO SM_PERMISSION(PERMISSION_ID,PER_ACTION,CODE,DESCRIPTION,PARENT_ID,IS_BUTTON) VALUES ('E05', null, 'vendorCode','厂商故障信息管理','E','0');
INSERT INTO SM_PERMISSION(PERMISSION_ID,PER_ACTION,CODE,DESCRIPTION,PARENT_ID,IS_BUTTON) VALUES ('E0501', null, 'vendorCodeQuery','查询','E05','1');

INSERT INTO SM_PERMISSION(PERMISSION_ID,PER_ACTION,CODE,DESCRIPTION,PARENT_ID,IS_BUTTON) VALUES ('E0502', null, 'vendorCodeImport','批量导入','E05','1');
INSERT INTO SM_PERMISSION(PERMISSION_ID,PER_ACTION,CODE,DESCRIPTION,PARENT_ID,IS_BUTTON) VALUES ('E0503', null, 'vendorCodeDelete','批量删除','E05','1');
INSERT INTO SM_PERMISSION(PERMISSION_ID,PER_ACTION,CODE,DESCRIPTION,PARENT_ID,IS_BUTTON) VALUES ('E0504', null, 'vendorCodeDownLoad','模板下载','E05','1');


INSERT INTO SM_PERMISSION(PERMISSION_ID,PER_ACTION,CODE,DESCRIPTION,PARENT_ID,IS_BUTTON) VALUES ('F', null, 'report','报表管理','0','0');

INSERT INTO SM_PERMISSION(PERMISSION_ID,PER_ACTION,CODE,DESCRIPTION,PARENT_ID,IS_BUTTON) VALUES ('F00', null, 'reportVendor','设备品牌统计报表','F','0');
INSERT INTO SM_PERMISSION(PERMISSION_ID,PER_ACTION,CODE,DESCRIPTION,PARENT_ID,IS_BUTTON) VALUES ('F0001', null, 'deviceTypeQuery','查询','F00','1');
INSERT INTO SM_PERMISSION(PERMISSION_ID,PER_ACTION,CODE,DESCRIPTION,PARENT_ID,IS_BUTTON) VALUES ('F0002', null, 'deviceTypeExportXLS','导出XLS','F00','1');
INSERT INTO SM_PERMISSION(PERMISSION_ID,PER_ACTION,CODE,DESCRIPTION,PARENT_ID,IS_BUTTON) VALUES ('F0003', null, 'deviceTypeExportPDF','导出PDF','F00','1');

INSERT INTO SM_PERMISSION(PERMISSION_ID,PER_ACTION,CODE,DESCRIPTION,PARENT_ID,IS_BUTTON) VALUES ('F10', null, 'reportRetainCardCount','吞卡统计报表','F','0');
INSERT INTO SM_PERMISSION(PERMISSION_ID,PER_ACTION,CODE,DESCRIPTION,PARENT_ID,IS_BUTTON) VALUES ('F1001', null, 'retainCardQuery','查询','F10','1');
INSERT INTO SM_PERMISSION(PERMISSION_ID,PER_ACTION,CODE,DESCRIPTION,PARENT_ID,IS_BUTTON) VALUES ('F1002', null, 'retainCardExportXLS','导出XLS','F10','1');
INSERT INTO SM_PERMISSION(PERMISSION_ID,PER_ACTION,CODE,DESCRIPTION,PARENT_ID,IS_BUTTON) VALUES ('F1003', null, 'retainCardExportPDF','导出PDF','F10','1');

INSERT INTO SM_PERMISSION(PERMISSION_ID,PER_ACTION,CODE,DESCRIPTION,PARENT_ID,IS_BUTTON) VALUES ('F20', null, 'reportTransactionCount','交易统计报表','F','0');
INSERT INTO SM_PERMISSION(PERMISSION_ID,PER_ACTION,CODE,DESCRIPTION,PARENT_ID,IS_BUTTON) VALUES ('F2001', null, 'TransactionCountQuery','查询','F20','1');
INSERT INTO SM_PERMISSION(PERMISSION_ID,PER_ACTION,CODE,DESCRIPTION,PARENT_ID,IS_BUTTON) VALUES ('F2002', null, 'TransactionCountExportXLS','导出XLS','F20','1');
INSERT INTO SM_PERMISSION(PERMISSION_ID,PER_ACTION,CODE,DESCRIPTION,PARENT_ID,IS_BUTTON) VALUES ('F2003', null, 'TransactionCountExportPDF','导出PDF','F20','1');

INSERT INTO SM_PERMISSION(PERMISSION_ID,PER_ACTION,CODE,DESCRIPTION,PARENT_ID,IS_BUTTON) VALUES ('F30', null, 'reportTransactionResult','交易结果统计报表','F','0');
INSERT INTO SM_PERMISSION(PERMISSION_ID,PER_ACTION,CODE,DESCRIPTION,PARENT_ID,IS_BUTTON) VALUES ('F3001', null, 'TransactionResultCountQuery','查询','F30','1');
INSERT INTO SM_PERMISSION(PERMISSION_ID,PER_ACTION,CODE,DESCRIPTION,PARENT_ID,IS_BUTTON) VALUES ('F3002', null, 'TransactionResultCountExportXLS','导出XLS','F30','1');
INSERT INTO SM_PERMISSION(PERMISSION_ID,PER_ACTION,CODE,DESCRIPTION,PARENT_ID,IS_BUTTON) VALUES ('F3003', null, 'TransactionResultCountExportPDF','导出PDF','F30','1');

INSERT INTO SM_PERMISSION(PERMISSION_ID,PER_ACTION,CODE,DESCRIPTION,PARENT_ID,IS_BUTTON) VALUES ('F60', null, 'reportDayTrans','日均交易笔数统计','F','0');
INSERT INTO SM_PERMISSION(PERMISSION_ID,PER_ACTION,CODE,DESCRIPTION,PARENT_ID,IS_BUTTON) VALUES ('F6001', null, 'dayCountQuery','查询','F60','1');

INSERT INTO SM_PERMISSION(PERMISSION_ID,PER_ACTION,CODE,DESCRIPTION,PARENT_ID,IS_BUTTON) VALUES ('F70', null, 'reportDayHourTrans','时均交易笔数统计','F','0');
INSERT INTO SM_PERMISSION(PERMISSION_ID,PER_ACTION,CODE,DESCRIPTION,PARENT_ID,IS_BUTTON) VALUES ('F7001', null, 'hoursCountQuery','查询','F70','1');

INSERT INTO SM_PERMISSION(PERMISSION_ID,PER_ACTION,CODE,DESCRIPTION,PARENT_ID,IS_BUTTON) VALUES ('F80', null, 'caseTrendReport','故障趋势图','F','0');
INSERT INTO SM_PERMISSION(PERMISSION_ID,PER_ACTION,CODE,DESCRIPTION,PARENT_ID,IS_BUTTON) VALUES ('F8001', null, 'caseTrendQuery','查询','F80','1');

INSERT INTO SM_PERMISSION(PERMISSION_ID,PER_ACTION,CODE,DESCRIPTION,PARENT_ID,IS_BUTTON) VALUES ('F90', null, 'caseStatisticsReport','故障统计图','F','0');
INSERT INTO SM_PERMISSION(PERMISSION_ID,PER_ACTION,CODE,DESCRIPTION,PARENT_ID,IS_BUTTON) VALUES ('F9001', null, 'caseStatisticsQuery','查询','F90','1');

INSERT INTO SM_PERMISSION(PERMISSION_ID,PER_ACTION,CODE,DESCRIPTION,PARENT_ID,IS_BUTTON) VALUES ('F95', null, 'deviceOpenRate','设备开机率','F','0');
INSERT INTO SM_PERMISSION(PERMISSION_ID,PER_ACTION,CODE,DESCRIPTION,PARENT_ID,IS_BUTTON) VALUES ('F9501', null, 'deviceOpenrateCountQuery','统计','F95','1');
INSERT INTO SM_PERMISSION(PERMISSION_ID,PER_ACTION,CODE,DESCRIPTION,PARENT_ID,IS_BUTTON) VALUES ('F9502', null, 'deviceOpenrateCountImport','导出','F95','1');

INSERT INTO SM_PERMISSION(PERMISSION_ID,PER_ACTION,CODE,DESCRIPTION,PARENT_ID,IS_BUTTON) VALUES ('F96', null, 'typeOpenRate','型号开机率','F','0');
INSERT INTO SM_PERMISSION(PERMISSION_ID,PER_ACTION,CODE,DESCRIPTION,PARENT_ID,IS_BUTTON) VALUES ('F9601', null, 'typeOpenrateQuery','统计','F96','1');
INSERT INTO SM_PERMISSION(PERMISSION_ID,PER_ACTION,CODE,DESCRIPTION,PARENT_ID,IS_BUTTON) VALUES ('F9602', null, 'typeOpenrateImport','导出','F96','1');

INSERT INTO SM_PERMISSION(PERMISSION_ID,PER_ACTION,CODE,DESCRIPTION,PARENT_ID,IS_BUTTON) VALUES ('F97', null, 'orgOpenRate','机构开机率','F','0');
INSERT INTO SM_PERMISSION(PERMISSION_ID,PER_ACTION,CODE,DESCRIPTION,PARENT_ID,IS_BUTTON) VALUES ('F9701', null, 'orgOpenrateQuery','统计','F97','1');
INSERT INTO SM_PERMISSION(PERMISSION_ID,PER_ACTION,CODE,DESCRIPTION,PARENT_ID,IS_BUTTON) VALUES ('F9702', null, 'orgOpenrateImport','导出','F97','1');

INSERT INTO SM_PERMISSION(PERMISSION_ID,PER_ACTION,CODE,DESCRIPTION,PARENT_ID,IS_BUTTON) VALUES ('F11', null, 'reportModuleFaultRate','模块故障率报表','F','0');
INSERT INTO SM_PERMISSION(PERMISSION_ID,PER_ACTION,CODE,DESCRIPTION,PARENT_ID,IS_BUTTON) VALUES ('F1101', null, 'moduleFaultRateQuery','查询','F11','1');
INSERT INTO SM_PERMISSION(PERMISSION_ID,PER_ACTION,CODE,DESCRIPTION,PARENT_ID,IS_BUTTON) VALUES ('F1102', null, 'moduleFaultRateExportXLS','导出XLS','F11','1');
INSERT INTO SM_PERMISSION(PERMISSION_ID,PER_ACTION,CODE,DESCRIPTION,PARENT_ID,IS_BUTTON) VALUES ('F1103', null, 'moduleFaultRateExportPDF','导出PDF','F11','1');

INSERT INTO SM_PERMISSION(PERMISSION_ID,PER_ACTION,CODE,DESCRIPTION,PARENT_ID,IS_BUTTON) VALUES ('G',NULL,'PARAMETER','参数管理','0','0');
INSERT INTO SM_PERMISSION(PERMISSION_ID,PER_ACTION,CODE,DESCRIPTION,PARENT_ID,IS_BUTTON) VALUES ('G01',NULL,'appSystem','应用系统管理','G','0');
INSERT INTO SM_PERMISSION(PERMISSION_ID,PER_ACTION,CODE,DESCRIPTION,PARENT_ID,IS_BUTTON) VALUES ('G0101',NULL,'appSystemQuery','查询','G01','1');
INSERT INTO SM_PERMISSION(PERMISSION_ID,PER_ACTION,CODE,DESCRIPTION,PARENT_ID,IS_BUTTON) VALUES ('G0102',NULL,'appSystemUpdate','更改','G01','1');

INSERT INTO SM_PERMISSION(PERMISSION_ID,PER_ACTION,CODE,DESCRIPTION,PARENT_ID,IS_BUTTON) VALUES ('G02', null, 'parameterElement','参数元数据管理','G','0');
INSERT INTO SM_PERMISSION(PERMISSION_ID,PER_ACTION,CODE,DESCRIPTION,PARENT_ID,IS_BUTTON) VALUES ('G0201', null, 'elementQuery','查询','G02','1');
INSERT INTO SM_PERMISSION(PERMISSION_ID,PER_ACTION,CODE,DESCRIPTION,PARENT_ID,IS_BUTTON) VALUES ('G0202', null, 'elementAdd','增加','G02','1');
INSERT INTO SM_PERMISSION(PERMISSION_ID,PER_ACTION,CODE,DESCRIPTION,PARENT_ID,IS_BUTTON) VALUES ('G0203', null, 'elementUpdate','更改','G02','1');
INSERT INTO SM_PERMISSION(PERMISSION_ID,PER_ACTION,CODE,DESCRIPTION,PARENT_ID,IS_BUTTON) VALUES ('G0204', null, 'elementDel','删除','G02','1');


INSERT INTO SM_PERMISSION(PERMISSION_ID,PER_ACTION,CODE,DESCRIPTION,PARENT_ID,IS_BUTTON) VALUES ('G05', null, 'parameterTemplate', '参数模板管理', 'G', '0');
INSERT INTO SM_PERMISSION(PERMISSION_ID,PER_ACTION,CODE,DESCRIPTION,PARENT_ID,IS_BUTTON) VALUES ('G0501', null, 'templateAdd', '新增模板', 'G05', '1');
INSERT INTO SM_PERMISSION(PERMISSION_ID,PER_ACTION,CODE,DESCRIPTION,PARENT_ID,IS_BUTTON) VALUES ('G0502', null, 'templateDel', '删除模板', 'G05', '1');
INSERT INTO SM_PERMISSION(PERMISSION_ID,PER_ACTION,CODE,DESCRIPTION,PARENT_ID,IS_BUTTON) VALUES ('G0503', NULL, 'templateApply', '发布模板', 'G05', '1');
INSERT INTO SM_PERMISSION(PERMISSION_ID,PER_ACTION,CODE,DESCRIPTION,PARENT_ID,IS_BUTTON) VALUES ('G0504', null, 'templateUpdateValue', '更改模板', 'G05', '1');
INSERT INTO SM_PERMISSION(PERMISSION_ID,PER_ACTION,CODE,DESCRIPTION,PARENT_ID,IS_BUTTON) VALUES ('G0505', null, 'templateDevRelation', '关联设备', 'G05', '1');

INSERT INTO SM_PERMISSION(PERMISSION_ID,PER_ACTION,CODE,DESCRIPTION,PARENT_ID,IS_BUTTON) VALUES ('G03', null, 'paramClassify','参数元数据分类管理','G','0');
INSERT INTO SM_PERMISSION(PERMISSION_ID,PER_ACTION,CODE,DESCRIPTION,PARENT_ID,IS_BUTTON) VALUES ('G0301', null, 'paramClassifyQuery','查询','G03','1');
INSERT INTO SM_PERMISSION(PERMISSION_ID,PER_ACTION,CODE,DESCRIPTION,PARENT_ID,IS_BUTTON) VALUES ('G0302', null, 'paramClassifyAdd','增加','G03','1');
INSERT INTO SM_PERMISSION(PERMISSION_ID,PER_ACTION,CODE,DESCRIPTION,PARENT_ID,IS_BUTTON) VALUES ('G0303', null, 'paramClassifyUpdate','更改','G03','1');
INSERT INTO SM_PERMISSION(PERMISSION_ID,PER_ACTION,CODE,DESCRIPTION,PARENT_ID,IS_BUTTON) VALUES ('G0304', null, 'paramClassifyDel','删除','G03','1');

INSERT INTO SM_PERMISSION(PERMISSION_ID,PER_ACTION,CODE,DESCRIPTION,PARENT_ID,IS_BUTTON) VALUES ('G04',NULL,'devParameter','设备参数管理','G','0');
INSERT INTO SM_PERMISSION(PERMISSION_ID,PER_ACTION,CODE,DESCRIPTION,PARENT_ID,IS_BUTTON) VALUES ('G0401',NULL,'devParamDevQuery','查询','G04','1');
INSERT INTO SM_PERMISSION(PERMISSION_ID,PER_ACTION,CODE,DESCRIPTION,PARENT_ID,IS_BUTTON) VALUES ('G0402',NULL,'devParamDevRelease','下发','G04','1');
INSERT INTO SM_PERMISSION(PERMISSION_ID,PER_ACTION,CODE,DESCRIPTION,PARENT_ID,IS_BUTTON) VALUES ('G0403',NULL,'devParamQuery','查询','G04','1');
INSERT INTO SM_PERMISSION(PERMISSION_ID,PER_ACTION,CODE,DESCRIPTION,PARENT_ID,IS_BUTTON) VALUES ('G0404',NULL,'devParamSave','保存','G04','1');

INSERT INTO SM_PERMISSION(PERMISSION_ID,PER_ACTION,CODE,DESCRIPTION,PARENT_ID,IS_BUTTON) VALUES ('G06',NULL,'paramMonitor','参数下发监控','G','0');
INSERT INTO SM_PERMISSION(PERMISSION_ID,PER_ACTION,CODE,DESCRIPTION,PARENT_ID,IS_BUTTON) VALUES ('G0601',NULL,'paramMonitorQuery','查询','G06','1');
INSERT INTO SM_PERMISSION(PERMISSION_ID,PER_ACTION,CODE,DESCRIPTION,PARENT_ID,IS_BUTTON) VALUES ('G0602',NULL,'paramMonitorDetail','保存','G06','1');
INSERT INTO SM_PERMISSION(PERMISSION_ID,PER_ACTION,CODE,DESCRIPTION,PARENT_ID,IS_BUTTON) VALUES ('G0603',NULL,'paramMonitorTaskQuery','查询','G06','1');

INSERT INTO SM_ORG(CODE,DESCRIPTION,NAME,ORG_FLAG,STATE,ORG_TYPE,PERSON_ID,ZIP,PARENT_ID,IS_LEAF) VALUES ('root', null, '机构', '1-', null, null, '0', null, null,'0');
INSERT INTO SM_ORG(CODE,NAME,ORG_FLAG,STATE,ORG_TYPE,PERSON_ID,PARENT_ID,IS_LEAF) VALUES('YIHUA','深圳怡化','1-2-',1,1,0,1,'1');

INSERT INTO SM_PERSON_JOB(ID,CODE,NAME,REMARK) VALUES('1', '0000', '董事长','');
INSERT INTO SM_PERSON_JOB(ID,CODE,NAME,REMARK) VALUES('2', '0001', '行长','');
INSERT INTO SM_PERSON_JOB(ID,CODE,NAME,REMARK) VALUES('3', '0002', '总行总经理','');
INSERT INTO SM_PERSON_JOB(ID,CODE,NAME,REMARK) VALUES('4', '0003', '总行副总经理','');
INSERT INTO SM_PERSON_JOB(ID,CODE,NAME,REMARK) VALUES('5', '0004', '分行行长','');
INSERT INTO SM_PERSON_JOB(ID,CODE,NAME,REMARK) VALUES('6', '0005', '科长','');
INSERT INTO SM_PERSON_JOB(ID,CODE,NAME,REMARK) VALUES('7', '0006', '会计','');

INSERT INTO SM_PERSON(ID,BIRTHDAY,CODE,EMAIL,GENDER,MOBILE,NAME,PHONE,PERSON_TYPE,ORGANIZATION_ID,PERSONJOB) VALUES ('1', '2012-04-13', '超级管理员', '', '0', '15855772942', 'admin', '1859999', null, '1', '1');

INSERT INTO SM_ROLE(PM_ROLE_ID,RELATION,NOTE,INHERIT,NAME,IS_SYSTEM,ROLE_TYPE) VALUES ('1', '', '系统默认的超级管理员', '', '超级管理员', 1, '0');

 INSERT INTO SM_ROLE_PERMISSION(PERMISSION_ID,ROLE_ID) VALUES ('0','1');
 INSERT INTO SM_ROLE_PERMISSION(PERMISSION_ID,ROLE_ID) VALUES ('A','1');
 INSERT INTO SM_ROLE_PERMISSION(PERMISSION_ID,ROLE_ID) VALUES ('A01','1');
 INSERT INTO SM_ROLE_PERMISSION(PERMISSION_ID,ROLE_ID) VALUES ('A0101','1');
 INSERT INTO SM_ROLE_PERMISSION(PERMISSION_ID,ROLE_ID) VALUES ('A0102','1');
 INSERT INTO SM_ROLE_PERMISSION(PERMISSION_ID,ROLE_ID) VALUES ('A0103','1');
 INSERT INTO SM_ROLE_PERMISSION(PERMISSION_ID,ROLE_ID) VALUES ('A0104','1');
 INSERT INTO SM_ROLE_PERMISSION(PERMISSION_ID,ROLE_ID) VALUES ('A0105','1');
 INSERT INTO SM_ROLE_PERMISSION(PERMISSION_ID,ROLE_ID) VALUES ('A0106','1');
 INSERT INTO SM_ROLE_PERMISSION(PERMISSION_ID,ROLE_ID) VALUES ('A02','1');
 INSERT INTO SM_ROLE_PERMISSION(PERMISSION_ID,ROLE_ID) VALUES ('A0201','1');
 INSERT INTO SM_ROLE_PERMISSION(PERMISSION_ID,ROLE_ID) VALUES ('A0202','1');
 INSERT INTO SM_ROLE_PERMISSION(PERMISSION_ID,ROLE_ID) VALUES ('A0203','1');
 INSERT INTO SM_ROLE_PERMISSION(PERMISSION_ID,ROLE_ID) VALUES ('A0204','1');
 INSERT INTO SM_ROLE_PERMISSION(PERMISSION_ID,ROLE_ID) VALUES ('A0205','1');
 INSERT INTO SM_ROLE_PERMISSION(PERMISSION_ID,ROLE_ID) VALUES ('A03','1');
 INSERT INTO SM_ROLE_PERMISSION(PERMISSION_ID,ROLE_ID) VALUES ('A0301','1');
 INSERT INTO SM_ROLE_PERMISSION(PERMISSION_ID,ROLE_ID) VALUES ('A0302','1');
 INSERT INTO SM_ROLE_PERMISSION(PERMISSION_ID,ROLE_ID) VALUES ('A0303','1');
 INSERT INTO SM_ROLE_PERMISSION(PERMISSION_ID,ROLE_ID) VALUES ('A0304','1');
 INSERT INTO SM_ROLE_PERMISSION(PERMISSION_ID,ROLE_ID) VALUES ('A0305','1');
 INSERT INTO SM_ROLE_PERMISSION(PERMISSION_ID,ROLE_ID) VALUES ('A04','1');
 INSERT INTO SM_ROLE_PERMISSION(PERMISSION_ID,ROLE_ID) VALUES ('A0401','1');
 INSERT INTO SM_ROLE_PERMISSION(PERMISSION_ID,ROLE_ID) VALUES ('A0402','1');
 INSERT INTO SM_ROLE_PERMISSION(PERMISSION_ID,ROLE_ID) VALUES ('A0403','1');
 INSERT INTO SM_ROLE_PERMISSION(PERMISSION_ID,ROLE_ID) VALUES ('A0404','1');
 INSERT INTO SM_ROLE_PERMISSION(PERMISSION_ID,ROLE_ID) VALUES ('A0405','1');
 INSERT INTO SM_ROLE_PERMISSION(PERMISSION_ID,ROLE_ID) VALUES ('A05','1');
 INSERT INTO SM_ROLE_PERMISSION(PERMISSION_ID,ROLE_ID) VALUES ('A0501','1');
 INSERT INTO SM_ROLE_PERMISSION(PERMISSION_ID,ROLE_ID) VALUES ('A0502','1');
 INSERT INTO SM_ROLE_PERMISSION(PERMISSION_ID,ROLE_ID) VALUES ('A0503','1');
 INSERT INTO SM_ROLE_PERMISSION(PERMISSION_ID,ROLE_ID) VALUES ('A0504','1');
 INSERT INTO SM_ROLE_PERMISSION(PERMISSION_ID,ROLE_ID) VALUES ('A08','1');
 INSERT INTO SM_ROLE_PERMISSION(PERMISSION_ID,ROLE_ID) VALUES ('A0801','1');
 INSERT INTO SM_ROLE_PERMISSION(PERMISSION_ID,ROLE_ID) VALUES ('A0802','1');
 INSERT INTO SM_ROLE_PERMISSION(PERMISSION_ID,ROLE_ID) VALUES ('A0803','1');
 INSERT INTO SM_ROLE_PERMISSION(PERMISSION_ID,ROLE_ID) VALUES ('A0804','1');
 INSERT INTO SM_ROLE_PERMISSION(PERMISSION_ID,ROLE_ID) VALUES ('A09','1');
 INSERT INTO SM_ROLE_PERMISSION(PERMISSION_ID,ROLE_ID) VALUES ('A0901','1');
 INSERT INTO SM_ROLE_PERMISSION(PERMISSION_ID,ROLE_ID) VALUES ('A0902','1');
 INSERT INTO SM_ROLE_PERMISSION(PERMISSION_ID,ROLE_ID) VALUES ('B','1');
 INSERT INTO SM_ROLE_PERMISSION(PERMISSION_ID,ROLE_ID) VALUES ('B01','1');
 INSERT INTO SM_ROLE_PERMISSION(PERMISSION_ID,ROLE_ID) VALUES ('B0101','1');
 INSERT INTO SM_ROLE_PERMISSION(PERMISSION_ID,ROLE_ID) VALUES ('B0102','1');
 INSERT INTO SM_ROLE_PERMISSION(PERMISSION_ID,ROLE_ID) VALUES ('B0103','1');
 INSERT INTO SM_ROLE_PERMISSION(PERMISSION_ID,ROLE_ID) VALUES ('B0104','1');
 INSERT INTO SM_ROLE_PERMISSION(PERMISSION_ID,ROLE_ID) VALUES ('B0105','1');
 INSERT INTO SM_ROLE_PERMISSION(PERMISSION_ID,ROLE_ID) VALUES ('B0106','1');
 INSERT INTO SM_ROLE_PERMISSION(PERMISSION_ID,ROLE_ID) VALUES ('B0107','1');
 INSERT INTO SM_ROLE_PERMISSION(PERMISSION_ID,ROLE_ID) VALUES ('B02','1');
 INSERT INTO SM_ROLE_PERMISSION(PERMISSION_ID,ROLE_ID) VALUES ('B0201','1');
 INSERT INTO SM_ROLE_PERMISSION(PERMISSION_ID,ROLE_ID) VALUES ('B03','1');
 INSERT INTO SM_ROLE_PERMISSION(PERMISSION_ID,ROLE_ID) VALUES ('B0301','1');
 INSERT INTO SM_ROLE_PERMISSION(PERMISSION_ID,ROLE_ID) VALUES ('B0302','1');
 INSERT INTO SM_ROLE_PERMISSION(PERMISSION_ID,ROLE_ID) VALUES ('B0303','1');
 INSERT INTO SM_ROLE_PERMISSION(PERMISSION_ID,ROLE_ID) VALUES ('B0304','1');
 INSERT INTO SM_ROLE_PERMISSION(PERMISSION_ID,ROLE_ID) VALUES ('B04','1');
 INSERT INTO SM_ROLE_PERMISSION(PERMISSION_ID,ROLE_ID) VALUES ('B0401','1');
 INSERT INTO SM_ROLE_PERMISSION(PERMISSION_ID,ROLE_ID) VALUES ('B0402','1');
 INSERT INTO SM_ROLE_PERMISSION(PERMISSION_ID,ROLE_ID) VALUES ('B0403','1');
 INSERT INTO SM_ROLE_PERMISSION(PERMISSION_ID,ROLE_ID) VALUES ('B0404','1');
 INSERT INTO SM_ROLE_PERMISSION(PERMISSION_ID,ROLE_ID) VALUES ('B05','1');
 INSERT INTO SM_ROLE_PERMISSION(PERMISSION_ID,ROLE_ID) VALUES ('B0501','1');
 INSERT INTO SM_ROLE_PERMISSION(PERMISSION_ID,ROLE_ID) VALUES ('B0502','1');
 INSERT INTO SM_ROLE_PERMISSION(PERMISSION_ID,ROLE_ID) VALUES ('B0503','1');
 INSERT INTO SM_ROLE_PERMISSION(PERMISSION_ID,ROLE_ID) VALUES ('B0504','1');
 INSERT INTO SM_ROLE_PERMISSION(PERMISSION_ID,ROLE_ID) VALUES ('B0505','1');
 INSERT INTO SM_ROLE_PERMISSION(PERMISSION_ID,ROLE_ID) VALUES ('B0506','1');
 INSERT INTO SM_ROLE_PERMISSION(PERMISSION_ID,ROLE_ID) VALUES ('B0507','1');
 INSERT INTO SM_ROLE_PERMISSION(PERMISSION_ID,ROLE_ID) VALUES ('B0508','1');
 INSERT INTO SM_ROLE_PERMISSION(PERMISSION_ID,ROLE_ID) VALUES ('B06','1');
 INSERT INTO SM_ROLE_PERMISSION(PERMISSION_ID,ROLE_ID) VALUES ('B0601','1');
 INSERT INTO SM_ROLE_PERMISSION(PERMISSION_ID,ROLE_ID) VALUES ('B0602','1');
 INSERT INTO SM_ROLE_PERMISSION(PERMISSION_ID,ROLE_ID) VALUES ('B0603','1');
 INSERT INTO SM_ROLE_PERMISSION(PERMISSION_ID,ROLE_ID) VALUES ('B0604','1');
 INSERT INTO SM_ROLE_PERMISSION(PERMISSION_ID,ROLE_ID) VALUES ('B08', '1');
 INSERT INTO SM_ROLE_PERMISSION(PERMISSION_ID,ROLE_ID) VALUES ('B0801','1');
 INSERT INTO SM_ROLE_PERMISSION(PERMISSION_ID,ROLE_ID) VALUES ('B0802','1');
 INSERT INTO SM_ROLE_PERMISSION(PERMISSION_ID,ROLE_ID) VALUES ('B0803','1');
 INSERT INTO SM_ROLE_PERMISSION(PERMISSION_ID,ROLE_ID) VALUES ('B0804','1');
 INSERT INTO SM_ROLE_PERMISSION(PERMISSION_ID,ROLE_ID) VALUES ('B09', '1');
 INSERT INTO SM_ROLE_PERMISSION(PERMISSION_ID,ROLE_ID) VALUES ('B10','1');
INSERT INTO SM_ROLE_PERMISSION(PERMISSION_ID,ROLE_ID) VALUES ('B1001','1');
INSERT INTO SM_ROLE_PERMISSION(PERMISSION_ID,ROLE_ID) VALUES ('B1002','1');
INSERT INTO SM_ROLE_PERMISSION(PERMISSION_ID,ROLE_ID) VALUES ('B1003','1');
INSERT INTO SM_ROLE_PERMISSION(PERMISSION_ID,ROLE_ID) VALUES ('B1004','1');
INSERT INTO SM_ROLE_PERMISSION(PERMISSION_ID,ROLE_ID) VALUES ('B1005','1');
INSERT INTO SM_ROLE_PERMISSION(PERMISSION_ID,ROLE_ID) VALUES ('B1006','1');

 INSERT INTO SM_ROLE_PERMISSION(PERMISSION_ID,ROLE_ID) VALUES ('C', '1');
 INSERT INTO SM_ROLE_PERMISSION(PERMISSION_ID,ROLE_ID) VALUES ('C01','1');
 INSERT INTO SM_ROLE_PERMISSION(PERMISSION_ID,ROLE_ID) VALUES ('C0101', '1');

 INSERT INTO SM_ROLE_PERMISSION(PERMISSION_ID,ROLE_ID) VALUES ('C0104', '1');
 INSERT INTO SM_ROLE_PERMISSION(PERMISSION_ID,ROLE_ID) VALUES ('C0105',  '1');
 INSERT INTO SM_ROLE_PERMISSION(PERMISSION_ID,ROLE_ID) VALUES ('C0106', '1');
 INSERT INTO SM_ROLE_PERMISSION(PERMISSION_ID,ROLE_ID) VALUES ('C0107', '1');
 INSERT INTO SM_ROLE_PERMISSION(PERMISSION_ID,ROLE_ID) VALUES ('C010701','1');
 INSERT INTO SM_ROLE_PERMISSION(PERMISSION_ID,ROLE_ID) VALUES ('C010702','1');
 INSERT INTO SM_ROLE_PERMISSION(PERMISSION_ID,ROLE_ID) VALUES ('C010703','1');
 INSERT INTO SM_ROLE_PERMISSION(PERMISSION_ID,ROLE_ID) VALUES ('C0109','1');
 INSERT INTO SM_ROLE_PERMISSION(PERMISSION_ID,ROLE_ID) VALUES ('C02', '1');
 INSERT INTO SM_ROLE_PERMISSION(PERMISSION_ID,ROLE_ID) VALUES ('C03', '1');
 INSERT INTO SM_ROLE_PERMISSION(PERMISSION_ID,ROLE_ID) VALUES ('C0301', '1');
 INSERT INTO SM_ROLE_PERMISSION(PERMISSION_ID,ROLE_ID) VALUES ('C04','1');
 INSERT INTO SM_ROLE_PERMISSION(PERMISSION_ID,ROLE_ID) VALUES ('C0401','1');
INSERT INTO SM_ROLE_PERMISSION(PERMISSION_ID,ROLE_ID) VALUES ('C0402','1');
INSERT INTO SM_ROLE_PERMISSION(PERMISSION_ID,ROLE_ID) VALUES ('C0403','1');

 INSERT INTO SM_ROLE_PERMISSION(PERMISSION_ID,ROLE_ID) VALUES ('C05', '1');
 INSERT INTO SM_ROLE_PERMISSION(PERMISSION_ID,ROLE_ID) VALUES ('C0501', '1');
  INSERT INTO SM_ROLE_PERMISSION(PERMISSION_ID,ROLE_ID) VALUES ('C0502', '1');
 INSERT INTO SM_ROLE_PERMISSION(PERMISSION_ID,ROLE_ID) VALUES ('C06','1');
 INSERT INTO SM_ROLE_PERMISSION(PERMISSION_ID,ROLE_ID) VALUES ('C0601','1');
 INSERT INTO SM_ROLE_PERMISSION(PERMISSION_ID,ROLE_ID) VALUES ('C0602','1');

INSERT INTO SM_ROLE_PERMISSION(PERMISSION_ID,ROLE_ID) VALUES ('C07','1');
INSERT INTO SM_ROLE_PERMISSION(PERMISSION_ID,ROLE_ID) VALUES ('C0701','1');

INSERT INTO SM_ROLE_PERMISSION(PERMISSION_ID,ROLE_ID) VALUES ('C08','1');
INSERT INTO SM_ROLE_PERMISSION(PERMISSION_ID,ROLE_ID) VALUES ('C0801','1');
INSERT INTO SM_ROLE_PERMISSION(PERMISSION_ID,ROLE_ID) VALUES ('C0802','1');
INSERT INTO SM_ROLE_PERMISSION(PERMISSION_ID,ROLE_ID) VALUES ('C0803','1');

INSERT INTO SM_ROLE_PERMISSION(PERMISSION_ID,ROLE_ID) VALUES ('C09','1');
INSERT INTO SM_ROLE_PERMISSION(PERMISSION_ID,ROLE_ID) VALUES ('C0901','1');
INSERT INTO SM_ROLE_PERMISSION(PERMISSION_ID,ROLE_ID) VALUES ('C0902','1');
INSERT INTO SM_ROLE_PERMISSION(PERMISSION_ID,ROLE_ID) VALUES ('C0903','1');
INSERT INTO SM_ROLE_PERMISSION(PERMISSION_ID,ROLE_ID) VALUES ('C0904','1');

INSERT INTO SM_ROLE_PERMISSION(PERMISSION_ID,ROLE_ID) VALUES ('D','1');
INSERT INTO SM_ROLE_PERMISSION(PERMISSION_ID,ROLE_ID) VALUES ('D01','1');
INSERT INTO SM_ROLE_PERMISSION(PERMISSION_ID,ROLE_ID) VALUES ('D0101','1');
INSERT INTO SM_ROLE_PERMISSION(PERMISSION_ID,ROLE_ID) VALUES ('D0102','1');
INSERT INTO SM_ROLE_PERMISSION(PERMISSION_ID,ROLE_ID) VALUES ('D0103','1');
INSERT INTO SM_ROLE_PERMISSION(PERMISSION_ID,ROLE_ID) VALUES ('D0104','1');
INSERT INTO SM_ROLE_PERMISSION(PERMISSION_ID,ROLE_ID) VALUES ('D0105','1');
INSERT INTO SM_ROLE_PERMISSION(PERMISSION_ID,ROLE_ID) VALUES ('D0106','1');
INSERT INTO SM_ROLE_PERMISSION(PERMISSION_ID,ROLE_ID) VALUES ('D0107','1');
INSERT INTO SM_ROLE_PERMISSION(PERMISSION_ID,ROLE_ID) VALUES ('D0108','1');
INSERT INTO SM_ROLE_PERMISSION(PERMISSION_ID,ROLE_ID) VALUES ('D02','1');
INSERT INTO SM_ROLE_PERMISSION(PERMISSION_ID,ROLE_ID) VALUES ('D0201','1');
INSERT INTO SM_ROLE_PERMISSION(PERMISSION_ID,ROLE_ID) VALUES ('D0202','1');
INSERT INTO SM_ROLE_PERMISSION(PERMISSION_ID,ROLE_ID) VALUES ('D020201','1');
INSERT INTO SM_ROLE_PERMISSION(PERMISSION_ID,ROLE_ID) VALUES ('D020203','1');
INSERT INTO SM_ROLE_PERMISSION(PERMISSION_ID,ROLE_ID) VALUES ('D0203','1');
INSERT INTO SM_ROLE_PERMISSION(PERMISSION_ID,ROLE_ID) VALUES ('D0204','1');
INSERT INTO SM_ROLE_PERMISSION(PERMISSION_ID,ROLE_ID) VALUES ('D0205','1');
INSERT INTO SM_ROLE_PERMISSION(PERMISSION_ID,ROLE_ID) VALUES ('D03','1');
INSERT INTO SM_ROLE_PERMISSION(PERMISSION_ID,ROLE_ID) VALUES ('D0301','1');
INSERT INTO SM_ROLE_PERMISSION(PERMISSION_ID,ROLE_ID) VALUES ('D0302','1');
INSERT INTO SM_ROLE_PERMISSION(PERMISSION_ID,ROLE_ID) VALUES ('D0303','1');
INSERT INTO SM_ROLE_PERMISSION(PERMISSION_ID,ROLE_ID) VALUES ('D0304','1');
INSERT INTO SM_ROLE_PERMISSION(PERMISSION_ID,ROLE_ID) VALUES ('D0305','1');
INSERT INTO SM_ROLE_PERMISSION(PERMISSION_ID,ROLE_ID) VALUES ('D0306','1');

INSERT INTO SM_ROLE_PERMISSION(PERMISSION_ID,ROLE_ID) VALUES ('D04','1');
INSERT INTO SM_ROLE_PERMISSION(PERMISSION_ID,ROLE_ID) VALUES ('D0401','1');
INSERT INTO SM_ROLE_PERMISSION(PERMISSION_ID,ROLE_ID) VALUES ('D0402','1');
INSERT INTO SM_ROLE_PERMISSION(PERMISSION_ID,ROLE_ID) VALUES ('D05','1');
INSERT INTO SM_ROLE_PERMISSION(PERMISSION_ID,ROLE_ID) VALUES ('D0501','1');
INSERT INTO SM_ROLE_PERMISSION(PERMISSION_ID,ROLE_ID) VALUES ('D0502','1');
INSERT INTO SM_ROLE_PERMISSION(PERMISSION_ID,ROLE_ID) VALUES ('D0503','1');
INSERT INTO SM_ROLE_PERMISSION(PERMISSION_ID,ROLE_ID) VALUES ('D0504','1');
INSERT INTO SM_ROLE_PERMISSION(PERMISSION_ID,ROLE_ID) VALUES ('D06','1');

INSERT INTO SM_ROLE_PERMISSION(PERMISSION_ID,ROLE_ID) VALUES ('D07','1');
INSERT INTO SM_ROLE_PERMISSION(PERMISSION_ID,ROLE_ID) VALUES ('D0701','1');
INSERT INTO SM_ROLE_PERMISSION(PERMISSION_ID,ROLE_ID) VALUES ('D0702','1');
INSERT INTO SM_ROLE_PERMISSION(PERMISSION_ID,ROLE_ID) VALUES ('D0703','1');
INSERT INTO SM_ROLE_PERMISSION(PERMISSION_ID,ROLE_ID) VALUES ('D0704','1');
INSERT INTO SM_ROLE_PERMISSION(PERMISSION_ID,ROLE_ID) VALUES ('D0705','1');
INSERT INTO SM_ROLE_PERMISSION(PERMISSION_ID,ROLE_ID) VALUES ('D0706','1');


INSERT INTO SM_ROLE_PERMISSION(PERMISSION_ID,ROLE_ID) VALUES ('D08','1');
INSERT INTO SM_ROLE_PERMISSION(PERMISSION_ID,ROLE_ID) VALUES ('D0801','1');
INSERT INTO SM_ROLE_PERMISSION(PERMISSION_ID,ROLE_ID) VALUES ('D0802','1');
INSERT INTO SM_ROLE_PERMISSION(PERMISSION_ID,ROLE_ID) VALUES ('D0803','1');
INSERT INTO SM_ROLE_PERMISSION(PERMISSION_ID,ROLE_ID) VALUES ('D0804','1');
INSERT INTO SM_ROLE_PERMISSION(PERMISSION_ID,ROLE_ID) VALUES ('D0805','1');
INSERT INTO SM_ROLE_PERMISSION(PERMISSION_ID,ROLE_ID) VALUES ('D0806','1');


INSERT INTO SM_ROLE_PERMISSION(PERMISSION_ID,ROLE_ID) VALUES ('E','1');
INSERT INTO SM_ROLE_PERMISSION(PERMISSION_ID,ROLE_ID) VALUES ('E01','1');
INSERT INTO SM_ROLE_PERMISSION(PERMISSION_ID,ROLE_ID) VALUES ('E0101','1');

INSERT INTO SM_ROLE_PERMISSION(PERMISSION_ID,ROLE_ID) VALUES ('E02','1');
INSERT INTO SM_ROLE_PERMISSION(PERMISSION_ID,ROLE_ID) VALUES ('E0201','1');

INSERT INTO SM_ROLE_PERMISSION(PERMISSION_ID,ROLE_ID) VALUES ('E03','1');
INSERT INTO SM_ROLE_PERMISSION(PERMISSION_ID,ROLE_ID) VALUES ('E0301','1');

INSERT INTO SM_ROLE_PERMISSION(PERMISSION_ID,ROLE_ID) VALUES ('E04','1');
INSERT INTO SM_ROLE_PERMISSION(PERMISSION_ID,ROLE_ID) VALUES ('E0401','1');
INSERT INTO SM_ROLE_PERMISSION(PERMISSION_ID,ROLE_ID) VALUES ('E0402','1');

INSERT INTO SM_ROLE_PERMISSION(PERMISSION_ID,ROLE_ID) VALUES ('E05','1');
INSERT INTO SM_ROLE_PERMISSION(PERMISSION_ID,ROLE_ID) VALUES ('E0501','1');
INSERT INTO SM_ROLE_PERMISSION(PERMISSION_ID,ROLE_ID) VALUES ('E0502','1');
INSERT INTO SM_ROLE_PERMISSION(PERMISSION_ID,ROLE_ID) VALUES ('E0503','1');
INSERT INTO SM_ROLE_PERMISSION(PERMISSION_ID,ROLE_ID) VALUES ('E0504','1');
INSERT INTO SM_ROLE_PERMISSION(PERMISSION_ID,ROLE_ID) VALUES ('F','1');

INSERT INTO SM_ROLE_PERMISSION(PERMISSION_ID,ROLE_ID) VALUES ('F00','1');
INSERT INTO SM_ROLE_PERMISSION(PERMISSION_ID,ROLE_ID) VALUES ('F0001','1');
INSERT INTO SM_ROLE_PERMISSION(PERMISSION_ID,ROLE_ID) VALUES ('F0002','1');
INSERT INTO SM_ROLE_PERMISSION(PERMISSION_ID,ROLE_ID) VALUES ('F0003','1');

INSERT INTO SM_ROLE_PERMISSION(PERMISSION_ID,ROLE_ID) VALUES ('F10','1');
INSERT INTO SM_ROLE_PERMISSION(PERMISSION_ID,ROLE_ID) VALUES ('F1001','1');
INSERT INTO SM_ROLE_PERMISSION(PERMISSION_ID,ROLE_ID) VALUES ('F1002','1');
INSERT INTO SM_ROLE_PERMISSION(PERMISSION_ID,ROLE_ID) VALUES ('F1003','1');

INSERT INTO SM_ROLE_PERMISSION(PERMISSION_ID,ROLE_ID) VALUES ('F20','1');
INSERT INTO SM_ROLE_PERMISSION(PERMISSION_ID,ROLE_ID) VALUES ('F2001','1');
INSERT INTO SM_ROLE_PERMISSION(PERMISSION_ID,ROLE_ID) VALUES ('F2002','1');
INSERT INTO SM_ROLE_PERMISSION(PERMISSION_ID,ROLE_ID) VALUES ('F2003','1');

INSERT INTO SM_ROLE_PERMISSION(PERMISSION_ID,ROLE_ID) VALUES ('F30','1');
INSERT INTO SM_ROLE_PERMISSION(PERMISSION_ID,ROLE_ID) VALUES ('F3001','1');
INSERT INTO SM_ROLE_PERMISSION(PERMISSION_ID,ROLE_ID) VALUES ('F3002','1');
INSERT INTO SM_ROLE_PERMISSION(PERMISSION_ID,ROLE_ID) VALUES ('F3003','1');

INSERT INTO SM_ROLE_PERMISSION(PERMISSION_ID,ROLE_ID) VALUES ('F60','1');
INSERT INTO SM_ROLE_PERMISSION(PERMISSION_ID,ROLE_ID) VALUES ('F6001','1');

INSERT INTO SM_ROLE_PERMISSION(PERMISSION_ID,ROLE_ID) VALUES ('F70','1');
INSERT INTO SM_ROLE_PERMISSION(PERMISSION_ID,ROLE_ID) VALUES ('F7001','1');

INSERT INTO SM_ROLE_PERMISSION(PERMISSION_ID,ROLE_ID) VALUES ('F80','1');
INSERT INTO SM_ROLE_PERMISSION(PERMISSION_ID,ROLE_ID) VALUES ('F8001','1');

INSERT INTO SM_ROLE_PERMISSION(PERMISSION_ID,ROLE_ID) VALUES ('F90','1');
INSERT INTO SM_ROLE_PERMISSION(PERMISSION_ID,ROLE_ID) VALUES ('F9001','1');

INSERT INTO SM_ROLE_PERMISSION(PERMISSION_ID,ROLE_ID) VALUES ('F95','1');
INSERT INTO SM_ROLE_PERMISSION(PERMISSION_ID,ROLE_ID) VALUES ('F9501','1');
INSERT INTO SM_ROLE_PERMISSION(PERMISSION_ID,ROLE_ID) VALUES ('F9502','1');

INSERT INTO SM_ROLE_PERMISSION(PERMISSION_ID,ROLE_ID) VALUES ('F96','1');
INSERT INTO SM_ROLE_PERMISSION(PERMISSION_ID,ROLE_ID) VALUES ('F9601','1');
INSERT INTO SM_ROLE_PERMISSION(PERMISSION_ID,ROLE_ID) VALUES ('F9602','1');

INSERT INTO SM_ROLE_PERMISSION(PERMISSION_ID,ROLE_ID) VALUES ('F97','1');
INSERT INTO SM_ROLE_PERMISSION(PERMISSION_ID,ROLE_ID) VALUES ('F9701','1');
INSERT INTO SM_ROLE_PERMISSION(PERMISSION_ID,ROLE_ID) VALUES ('F9702','1');

INSERT INTO SM_ROLE_PERMISSION(PERMISSION_ID,ROLE_ID) VALUES ('F11','1');
INSERT INTO SM_ROLE_PERMISSION(PERMISSION_ID,ROLE_ID) VALUES ('F1101','1');
INSERT INTO SM_ROLE_PERMISSION(PERMISSION_ID,ROLE_ID) VALUES ('F1102','1');
INSERT INTO SM_ROLE_PERMISSION(PERMISSION_ID,ROLE_ID) VALUES ('F1103','1');

INSERT INTO SM_ROLE_PERMISSION(PERMISSION_ID,ROLE_ID) VALUES ('Z','1');
INSERT INTO SM_ROLE_PERMISSION(PERMISSION_ID,ROLE_ID) VALUES ('Z01','1');
INSERT INTO SM_ROLE_PERMISSION(PERMISSION_ID,ROLE_ID) VALUES ('Z02','1');
INSERT INTO SM_ROLE_PERMISSION(PERMISSION_ID,ROLE_ID) VALUES ('Z03','1');

INSERT INTO SM_ROLE_PERMISSION(PERMISSION_ID,ROLE_ID) VALUES ('G02','1');
INSERT INTO SM_ROLE_PERMISSION(PERMISSION_ID,ROLE_ID) VALUES ('G0201','1');
INSERT INTO SM_ROLE_PERMISSION(PERMISSION_ID,ROLE_ID) VALUES ('G0202','1');
INSERT INTO SM_ROLE_PERMISSION(PERMISSION_ID,ROLE_ID) VALUES ('G0203','1');
INSERT INTO SM_ROLE_PERMISSION(PERMISSION_ID,ROLE_ID) VALUES ('G0204','1');


INSERT INTO SM_ROLE_PERMISSION(PERMISSION_ID,ROLE_ID) VALUES ('G','1');
INSERT INTO SM_ROLE_PERMISSION(PERMISSION_ID,ROLE_ID) VALUES ('G01','1');
INSERT INTO SM_ROLE_PERMISSION(PERMISSION_ID,ROLE_ID) VALUES ('G0101','1');
INSERT INTO SM_ROLE_PERMISSION(PERMISSION_ID,ROLE_ID) VALUES ('G0102','1');

INSERT INTO SM_ROLE_PERMISSION(PERMISSION_ID,ROLE_ID) VALUES ('G03','1');
INSERT INTO SM_ROLE_PERMISSION(PERMISSION_ID,ROLE_ID) VALUES ('G0301','1');
INSERT INTO SM_ROLE_PERMISSION(PERMISSION_ID,ROLE_ID) VALUES ('G0302','1');
INSERT INTO SM_ROLE_PERMISSION(PERMISSION_ID,ROLE_ID) VALUES ('G0303','1');
INSERT INTO SM_ROLE_PERMISSION(PERMISSION_ID,ROLE_ID) VALUES ('G0304','1');

INSERT INTO SM_ROLE_PERMISSION(PERMISSION_ID,ROLE_ID) VALUES ('G04','1');
INSERT INTO SM_ROLE_PERMISSION(PERMISSION_ID,ROLE_ID) VALUES ('G0401','1');
INSERT INTO SM_ROLE_PERMISSION(PERMISSION_ID,ROLE_ID) VALUES ('G0402','1');
INSERT INTO SM_ROLE_PERMISSION(PERMISSION_ID,ROLE_ID) VALUES ('G0403','1');
INSERT INTO SM_ROLE_PERMISSION(PERMISSION_ID,ROLE_ID) VALUES ('G0404','1');

INSERT INTO SM_ROLE_PERMISSION(PERMISSION_ID,ROLE_ID) VALUES ('G05','1');
INSERT INTO SM_ROLE_PERMISSION(PERMISSION_ID,ROLE_ID) VALUES ('G0501','1');
INSERT INTO SM_ROLE_PERMISSION(PERMISSION_ID,ROLE_ID) VALUES ('G0502','1');
INSERT INTO SM_ROLE_PERMISSION(PERMISSION_ID,ROLE_ID) VALUES ('G0503','1');
INSERT INTO SM_ROLE_PERMISSION(PERMISSION_ID,ROLE_ID) VALUES ('G0504','1');
INSERT INTO SM_ROLE_PERMISSION(PERMISSION_ID,ROLE_ID) VALUES ('G0505','1');

INSERT INTO SM_ROLE_PERMISSION(PERMISSION_ID,ROLE_ID) VALUES ('G06','1');
INSERT INTO SM_ROLE_PERMISSION(PERMISSION_ID,ROLE_ID) VALUES ('G0601','1');
INSERT INTO SM_ROLE_PERMISSION(PERMISSION_ID,ROLE_ID) VALUES ('G0602','1');
INSERT INTO SM_ROLE_PERMISSION(PERMISSION_ID,ROLE_ID) VALUES ('G0603','1');

INSERT INTO SM_USER(ID,ACCESS_COUNT,CODE,ENABLED,FREEZE_TIME,ACCESS_TIME,LOGIN_FAIL_COUNT,PWD,PERSON_ID,IS_SYSTEM,STATE,USER_TYPE) VALUES ('1', '4', 'admin', '1', null,null, '0', '21232f297a57a5a743894a0e4a801fc3', '1', '0', '1',1);

INSERT INTO SM_USER_ROLE(USER_ROLE_ID,ROLE_ID,USER_ID) VALUES ('1', '1', '1');



INSERT INTO DEV_VENDOR(COUNTRY,HOTLINE1,NAME,STATUS) VALUES('中国深圳','02512345678','怡化',0);

INSERT INTO DEV_TYPE(CASHTYPE,NAME,DEV_CATALOG_ID,DEV_VENDOR_ID) VALUES(0,'CDS6040W',2,1);
INSERT INTO DEV_TYPE(CASHTYPE,NAME,DEV_CATALOG_ID,DEV_VENDOR_ID) VALUES(0,'CDS6040T',2,1);


/*内置的软件分类**/
INSERT INTO VER_VERSION_TYPE(ID,TYPE_NAME,IS_DISPLAY,IS_SYSTEM,CUSTOM_VERSION,REMARK,DEFAULT_INSTALL_PATH,VERSION_CATALOG) VALUES ('1','advert','0','1','0','内置广告类型','C:/yihua/gump/installation','ADVERT');
INSERT INTO VER_VERSION_TYPE(ID,TYPE_NAME,IS_DISPLAY,IS_SYSTEM,CUSTOM_VERSION,REMARK,DEFAULT_INSTALL_PATH,VERSION_CATALOG) VALUES ('2', 'gump-professional','1','1','1','C端应用','C:/yihua/gump/installation','APP');
INSERT INTO VER_VERSION_TYPE(ID,TYPE_NAME,IS_DISPLAY,IS_SYSTEM,CUSTOM_VERSION,REMARK,DEFAULT_INSTALL_PATH,VERSION_CATALOG) VALUES ('3', 'ATMVC','1','1','1','监控客户端','d:/yihua/fish','V_AGENT');



INSERT INTO CASE_FAULT_CLASSIFY(ID, CLASSIFY_NAME,RESPONSOR_TYPE,RESOLVE_HOUR,UPGREAD,NOTIFY_TIMES,NOTIFY_WAY) VALUES('N_AP_STAT','ATMC应用状态变化','ADMIN',0.0,0,1,'SMS');
INSERT INTO CASE_FAULT_CLASSIFY(ID, CLASSIFY_NAME,RESPONSOR_TYPE,RESOLVE_HOUR,UPGREAD,NOTIFY_TIMES,NOTIFY_WAY) VALUES('N_AP_SETUP','系统新安装初始化','ADMIN',0.0,0,1,'SMS');
INSERT INTO CASE_FAULT_CLASSIFY(ID, CLASSIFY_NAME,RESPONSOR_TYPE,RESOLVE_HOUR,UPGREAD,NOTIFY_TIMES,NOTIFY_WAY) VALUES('F_MOD','硬件故障','ADMIN',0.0,0,1,'SMS');
INSERT INTO CASE_FAULT_CLASSIFY(ID, CLASSIFY_NAME,RESPONSOR_TYPE,RESOLVE_HOUR,UPGREAD,NOTIFY_TIMES,NOTIFY_WAY) VALUES('R_CASSET','钞空','ADMIN',0.0,0,1,'SMS');
INSERT INTO CASE_FAULT_CLASSIFY(ID, CLASSIFY_NAME,RESPONSOR_TYPE,RESOLVE_HOUR,UPGREAD,NOTIFY_TIMES,NOTIFY_WAY) VALUES('R_PTR','纸少','ADMIN',0.0,0,1,'SMS');

INSERT INTO CASE_FAULT_CLASSIFY(ID,CLASSIFY_NAME,RESPONSOR_TYPE,RESOLVE_HOUR,UPGREAD,NOTIFY_TIMES,NOTIFY_WAY) VALUES ('R_CIM', '钞满', 'ADMIN', 0.0, 0, 1, 'SMS');
INSERT INTO CASE_FAULT_CLASSIFY(ID,CLASSIFY_NAME,RESPONSOR_TYPE,RESOLVE_HOUR,UPGREAD,NOTIFY_TIMES,NOTIFY_WAY) VALUES ('R_CDM', '钞少', 'ADMIN', 0.0, 0, 1, 'SMS');



INSERT INTO CASE_NOTIFY_MOULD(CLASSIFY_ID,NOTIFY_TYPE,NOTIFY_WAY,NOTIFY_SET) VALUES('N_AP_STAT','CREATE','SMS','请关注{terminalId}{faultClassify}{appStatus},标准化监控发送');
INSERT INTO CASE_NOTIFY_MOULD(CLASSIFY_ID,NOTIFY_TYPE,NOTIFY_WAY,NOTIFY_SET) VALUES('N_AP_SETUP','CREATE','SMS','请关注{terminalId}{faultClassify},标准化监控发送');
INSERT INTO CASE_NOTIFY_MOULD(CLASSIFY_ID,NOTIFY_TYPE,NOTIFY_WAY,NOTIFY_SET) VALUES('F_MOD','CREATE','SMS','请关注{terminalId}{faultClassify}{faultMod},标准化监控发送');
INSERT INTO CASE_NOTIFY_MOULD(CLASSIFY_ID,NOTIFY_TYPE,NOTIFY_WAY,NOTIFY_SET) VALUES('R_CASSET','CREATE','SMS','请关注{terminalId}{faultClassify},标准化监控发送');
INSERT INTO CASE_NOTIFY_MOULD(CLASSIFY_ID,NOTIFY_TYPE,NOTIFY_WAY,NOTIFY_SET) VALUES('R_PTR','CREATE','SMS','请关注{terminalId}{faultClassify}{faultMod},标准化监控发送');

INSERT INTO ATMC_TRANS_TYPE(TRANS_CODE,CODE_DESC,TRANS_SEQ)VALUES('DEP','存款',1);
INSERT INTO ATMC_TRANS_TYPE(TRANS_CODE,CODE_DESC,TRANS_SEQ)VALUES('INQ','查询',2);
INSERT INTO ATMC_TRANS_TYPE(TRANS_CODE,CODE_DESC,TRANS_SEQ)VALUES('PIN','改密',3);
INSERT INTO ATMC_TRANS_TYPE(TRANS_CODE,CODE_DESC,TRANS_SEQ)VALUES('TFR','转账',4);
INSERT INTO ATMC_TRANS_TYPE(TRANS_CODE,CODE_DESC,TRANS_SEQ)VALUES('CWD','取款',5);


INSERT INTO SM_JOB_SYNCHRON (ID, JOB_NAME, SERVER_IP, JOB_DATE) VALUES ('backuptask', 'daliy_log_backup',  '127.0.0.1', '2010-12-13 00:00:00');
INSERT INTO SM_JOB_SYNCHRON (ID, JOB_NAME, SERVER_IP, JOB_DATE) VALUES ('offlinetask', 'device_status_check', '127.0.0.1', '2010-12-13 00:00:00');
INSERT INTO SM_JOB_SYNCHRON (ID, JOB_NAME, SERVER_IP, JOB_DATE) VALUES ('dayreporttask', 'daliy_report',  '127.0.0.1', '2010-12-13 00:00:00');
INSERT INTO SM_JOB_SYNCHRON (ID, JOB_NAME, SERVER_IP, JOB_DATE) VALUES ('monthreporttask', 'month_report', '127.0.0.1', '2010-12-13 00:00:00');
INSERT INTO SM_JOB_SYNCHRON (ID, JOB_NAME, SERVER_IP, JOB_DATE) VALUES ('yearreporttask', 'year_report', '127.0.0.1', '2010-12-13 00:00:00');
INSERT INTO SM_JOB_SYNCHRON (ID, JOB_NAME, SERVER_IP, JOB_DATE) VALUES ('deletetask', 'delete tmp file', '127.0.0.1', '2010-12-13 00:00:00');



INSERT INTO ADV_GROUP(ID,ORG_ID,GROUP_NAME,GROUP_TYPE,RESOURCE_PATH) VALUES (1, 1, 'Root Default', '1', '1 1');
INSERT INTO ADV_BSADVERT(ID,GROUP_ID,ADVERT_NAME,ADVERT_STRATUS,LAST_TIME,ADVERT_TYPE,USER_ID,ACTIVE_USER_ID) VALUES (1, 1, 'Root Default', 1, '2016-02-23 00:00:00','WAIT_INSERT_CARD',1,1);

INSERT INTO ADV_BSADVERT_RESOURCE(ID,BEGIN_DATE,BEGIN_TIME,CONTENT,END_DATE,END_TIME,PLAY_TIME,ADVERT_ID,SCREEN) VALUES (1, '2016-02-23', '00:00:00','zh_01.jpg', '9999-12-30', '23:59:59',5,1,'SCREEN_1024');
INSERT INTO ADV_BSADVERT_RESOURCE(ID,BEGIN_DATE,BEGIN_TIME,CONTENT,END_DATE,END_TIME,PLAY_TIME,ADVERT_ID,SCREEN) VALUES (2, '2016-02-23', '00:00:00','zh_02.jpg', '9999-12-30', '23:59:59',5,1,'SCREEN_1024');
INSERT INTO ADV_BSADVERT_RESOURCE(ID,BEGIN_DATE,BEGIN_TIME,CONTENT,END_DATE,END_TIME,PLAY_TIME,ADVERT_ID,SCREEN) VALUES (3, '2016-02-23', '00:00:00','zh_03.jpg', '9999-12-30', '23:59:59',5,1,'SCREEN_1024');
INSERT INTO ADV_BSADVERT_RESOURCE(ID,BEGIN_DATE,BEGIN_TIME,CONTENT,END_DATE,END_TIME,PLAY_TIME,ADVERT_ID,SCREEN) VALUES (4, '2016-02-23', '00:00:00','zh_04.jpg', '9999-12-30', '23:59:59',5,1,'SCREEN_800');
INSERT INTO ADV_BSADVERT_RESOURCE(ID,BEGIN_DATE,BEGIN_TIME,CONTENT,END_DATE,END_TIME,PLAY_TIME,ADVERT_ID,SCREEN) VALUES (5, '2016-02-23', '00:00:00','zh_05.jpg', '9999-12-30', '23:59:59',5,1,'SCREEN_800');
INSERT INTO ADV_BSADVERT_RESOURCE(ID,BEGIN_DATE,BEGIN_TIME,CONTENT,END_DATE,END_TIME,PLAY_TIME,ADVERT_ID,SCREEN) VALUES (6, '2016-02-23', '00:00:00','zh_06.jpg', '9999-12-30', '23:59:59',5,1,'SCREEN_800');
INSERT INTO ADV_BSADVERT_RESOURCE(ID,BEGIN_DATE,BEGIN_TIME,CONTENT,END_DATE,END_TIME,PLAY_TIME,ADVERT_ID,SCREEN) VALUES (7, '2016-02-23', '00:00:00','zh_07.jpg', '9999-12-30', '23:59:59',5,1,'SCREEN_600');
INSERT INTO ADV_BSADVERT_RESOURCE(ID,BEGIN_DATE,BEGIN_TIME,CONTENT,END_DATE,END_TIME,PLAY_TIME,ADVERT_ID,SCREEN) VALUES (8, '2016-02-23', '00:00:00','zh_08.jpg', '9999-12-30', '23:59:59',5,1,'SCREEN_600');
INSERT INTO ADV_BSADVERT_RESOURCE(ID,BEGIN_DATE,BEGIN_TIME,CONTENT,END_DATE,END_TIME,PLAY_TIME,ADVERT_ID,SCREEN) VALUES (9, '2016-02-23', '00:00:00','zh_09.jpg', '9999-12-30', '23:59:59',5,1,'SCREEN_600');

INSERT INTO VER_JOB(JOB_NAME,JOB_PRIORITY,JOB_STATUS,JOB_TYPE) VALUES ('AUTOUPDATEJOB',0,5,1);

INSERT INTO PARAM_CLASSIFY(ID,NAME,REMARK) VALUES(1,'默认分类','此分类为系统默认添加分类，不可更改，不可删除。');

INSERT INTO PARAM_APP_SYSTEM(ID,NAME,CONFIG_PATH,CONFIG_NAME,CONFIG_FORM,REMARK) VALUES(1,'ATMC','C:/Ecols','DataPool.ini',2,'ATMC参数');
INSERT INTO PARAM_APP_SYSTEM(ID,NAME,CONFIG_PATH,CONFIG_NAME,CONFIG_FORM,REMARK) VALUES(2,'Agent','D:/yihua/fish/configuration','YH_REMOTE.ini',2,'Agent参数');
