INSERT INTO DEV_CATALOG(ID,NAME,CATALOG_NO) VALUES('1', '取款机', '01');
INSERT INTO DEV_CATALOG(ID,NAME,CATALOG_NO) VALUES('2', '存取款机', '02');
INSERT INTO DEV_CATALOG(ID,NAME,CATALOG_NO) VALUES('3', '多媒体查询机', '03');

INSERT INTO DEV_MODULE(ID,NAME,MOD_NO,NOTE,IS_CASE) VALUES ('1', 'IDC', '0001', '读卡器模块','1');
INSERT INTO DEV_MODULE(ID,NAME,MOD_NO,NOTE,IS_CASE) VALUES ('2', 'JPR', '0002', '日志打印模块','1');
INSERT INTO DEV_MODULE(ID,NAME,MOD_NO,NOTE,IS_CASE) VALUES ('3', 'RPR', '0003', '凭条打印模块','1');
INSERT INTO DEV_MODULE(ID,NAME,MOD_NO,NOTE,IS_CASE) VALUES ('4', 'CDM', '0004', '取款模块','1');
INSERT INTO DEV_MODULE(ID,NAME,MOD_NO,NOTE,IS_CASE) VALUES ('5', 'CIM', '0005', '存款模块','1');
INSERT INTO DEV_MODULE(ID,NAME,MOD_NO,NOTE,IS_CASE) VALUES ('6', 'PIN', '0006', '密码键盘模块','1');
INSERT INTO DEV_MODULE(ID,NAME,MOD_NO,NOTE,IS_CASE) VALUES ('7', 'TTU', '0007', '文本终端模块','1');
INSERT INTO DEV_MODULE(ID,NAME,MOD_NO,NOTE,IS_CASE) VALUES ('8', 'SIU', '0008', '传感器模块','1');

INSERT INTO DEV_MODULE(ID,NAME,MOD_NO,NOTE,IS_CASE) VALUES ('9', 'ISC', '0009', '身份证扫描仪模块','1');
INSERT INTO DEV_MODULE(ID,NAME,MOD_NO,NOTE,IS_CASE) VALUES ('10', 'ICC', '0010', '发卡器模块','1');
INSERT INTO DEV_MODULE(ID,NAME,MOD_NO,NOTE,IS_CASE) VALUES ('11', 'FGP', '0011', '指纹仪模块','1');

INSERT INTO SM_PARAM(ID,PARAM_CLASSIFY,DESCIPTION,PARAM_KEY,PARAM_VALUE) VALUES ('1', '0', '监控服务文件存放根路径', 'fish_home', 'd:\\fish_home');
INSERT INTO SM_PARAM(ID,PARAM_CLASSIFY,DESCIPTION,PARAM_KEY,PARAM_VALUE) VALUES ('2', '1', 'Remote服务监听端口', 'atm_port', '80');
INSERT INTO SM_PARAM(ID,PARAM_CLASSIFY,DESCIPTION,PARAM_KEY,PARAM_VALUE) VALUES ('3', '1', 'ATM APP日志存放规则', 'atm_log_file_cfg', 'bizLog_{terminalId}_{YYYY-MM-DD}.zip');
INSERT INTO SM_PARAM(ID,PARAM_CLASSIFY,DESCIPTION,PARAM_KEY,PARAM_VALUE) VALUES ('4', '1', 'ATM APP日志存放路径', 'atm_log_doc', 'c:\\yihua\\gump\\log');
INSERT INTO SM_PARAM(ID,PARAM_CLASSIFY,DESCIPTION,PARAM_KEY,PARAM_VALUE) VALUES ('5', '1', '获取设备离线时间(单位:分钟)', 'device_offline', '30');
INSERT INTO SM_PARAM(ID,PARAM_CLASSIFY,DESCIPTION,PARAM_KEY,PARAM_VALUE) VALUES ('8', '0', '系统注册序列号', 'register_serial', 'V10520-FEDDJD-A76104-PJFDGK-HEDFEF1150');
INSERT INTO SM_PARAM(ID,PARAM_CLASSIFY,DESCIPTION,PARAM_KEY,PARAM_VALUE) VALUES ('9', '1', 'ATM开机与监控对时开关(ON/OFF)', 'check_time', 'ON');

INSERT INTO SM_PERMISSION(PERMISSION_ID,PER_ACTION,CODE,DESCRIPTION,PARENT_ID,IS_BUTTON) VALUES ('0',  null, 'root','菜单列表',null,'0');
INSERT INTO SM_PERMISSION(PERMISSION_ID,PER_ACTION,CODE,DESCRIPTION,PARENT_ID,IS_BUTTON) VALUES ('A',  null, 'info','系统管理','0','0');
INSERT INTO SM_PERMISSION(PERMISSION_ID,PER_ACTION,CODE,DESCRIPTION,PARENT_ID,IS_BUTTON) VALUES ('A01',  null, 'bankOrg','银行机构管理','A','0');
INSERT INTO SM_PERMISSION(PERMISSION_ID,PER_ACTION,CODE,DESCRIPTION,PARENT_ID,IS_BUTTON) VALUES ('A0101',  null, 'bankOrgQuery','查询','A01','1');
INSERT INTO SM_PERMISSION(PERMISSION_ID,PER_ACTION,CODE,DESCRIPTION,PARENT_ID,IS_BUTTON) VALUES ('A0102',  null, 'bankOrgAdd','添加','A01','1');
INSERT INTO SM_PERMISSION(PERMISSION_ID,PER_ACTION,CODE,DESCRIPTION,PARENT_ID,IS_BUTTON) VALUES ('A0103',  null, 'bankOrgUpdate','更改','A01','1');
INSERT INTO SM_PERMISSION(PERMISSION_ID,PER_ACTION,CODE,DESCRIPTION,PARENT_ID,IS_BUTTON) VALUES ('A0104',  null, 'bankOrgDel','删除','A01','1');
INSERT INTO SM_PERMISSION(PERMISSION_ID,PER_ACTION,CODE,DESCRIPTION,PARENT_ID,IS_BUTTON) VALUES ('A0105',  null, 'bankOrgAdmin','管理员','A01','1');
INSERT INTO SM_PERMISSION(PERMISSION_ID,PER_ACTION,CODE,DESCRIPTION,PARENT_ID,IS_BUTTON) VALUES ('A0106',  null, 'bankOrgMove','组织迁移','A01','1');
INSERT INTO SM_PERMISSION(PERMISSION_ID,PER_ACTION,CODE,DESCRIPTION,PARENT_ID,IS_BUTTON) VALUES ('A02',  null, 'bankPer','银行人员管理','A','0');
INSERT INTO SM_PERMISSION(PERMISSION_ID,PER_ACTION,CODE,DESCRIPTION,PARENT_ID,IS_BUTTON) VALUES ('A0201',  null, 'bankPerQuery','查询','A02','1');
INSERT INTO SM_PERMISSION(PERMISSION_ID,PER_ACTION,CODE,DESCRIPTION,PARENT_ID,IS_BUTTON) VALUES ('A0202',  null, 'bankPerAdd','添加','A02','1');
INSERT INTO SM_PERMISSION(PERMISSION_ID,PER_ACTION,CODE,DESCRIPTION,PARENT_ID,IS_BUTTON) VALUES ('A0203',  null, 'bankPerUpdate','更改','A02','1');
INSERT INTO SM_PERMISSION(PERMISSION_ID,PER_ACTION,CODE,DESCRIPTION,PARENT_ID,IS_BUTTON) VALUES ('A0204',  null, 'bankPerDel','删除','A02','1');
INSERT INTO SM_PERMISSION(PERMISSION_ID,PER_ACTION,CODE,DESCRIPTION,PARENT_ID,IS_BUTTON) VALUES ('A0205',  null, 'bankPerlink','关联设备','A02','1');
INSERT INTO SM_PERMISSION(PERMISSION_ID,PER_ACTION,CODE,DESCRIPTION,PARENT_ID,IS_BUTTON) VALUES ('A03',  null, 'serviceOrg','维护商管理','A','0');
INSERT INTO SM_PERMISSION(PERMISSION_ID,PER_ACTION,CODE,DESCRIPTION,PARENT_ID,IS_BUTTON) VALUES ('A0301',  null, 'serviceOrgQuery','查询','A03','1');
INSERT INTO SM_PERMISSION(PERMISSION_ID,PER_ACTION,CODE,DESCRIPTION,PARENT_ID,IS_BUTTON) VALUES ('A0302',  null, 'serviceOrgAdd','添加','A03','1');
INSERT INTO SM_PERMISSION(PERMISSION_ID,PER_ACTION,CODE,DESCRIPTION,PARENT_ID,IS_BUTTON) VALUES ('A0303',  null, 'serviceOrgUpdate','更改','A03','1');
INSERT INTO SM_PERMISSION(PERMISSION_ID,PER_ACTION,CODE,DESCRIPTION,PARENT_ID,IS_BUTTON) VALUES ('A0304',  null, 'serviceOrgDel','删除','A03','1');
INSERT INTO SM_PERMISSION(PERMISSION_ID,PER_ACTION,CODE,DESCRIPTION,PARENT_ID,IS_BUTTON) VALUES ('A0305',  null, 'serviceOrgAdmin','管理员','A03','1');
INSERT INTO SM_PERMISSION(PERMISSION_ID,PER_ACTION,CODE,DESCRIPTION,PARENT_ID,IS_BUTTON) VALUES ('A04',  null, 'servicePer','维护人员管理','A','0');
INSERT INTO SM_PERMISSION(PERMISSION_ID,PER_ACTION,CODE,DESCRIPTION,PARENT_ID,IS_BUTTON) VALUES ('A0401',  null, 'servicePerQuery','查询','A04','1');
INSERT INTO SM_PERMISSION(PERMISSION_ID,PER_ACTION,CODE,DESCRIPTION,PARENT_ID,IS_BUTTON) VALUES ('A0402',  null, 'servicePerAdd','添加','A04','1');
INSERT INTO SM_PERMISSION(PERMISSION_ID,PER_ACTION,CODE,DESCRIPTION,PARENT_ID,IS_BUTTON) VALUES ('A0403',  null, 'servicePerUpdate','更改','A04','1');
INSERT INTO SM_PERMISSION(PERMISSION_ID,PER_ACTION,CODE,DESCRIPTION,PARENT_ID,IS_BUTTON) VALUES ('A0404',  null, 'servicePerDel','删除','A04','1');
INSERT INTO SM_PERMISSION(PERMISSION_ID,PER_ACTION,CODE,DESCRIPTION,PARENT_ID,IS_BUTTON) VALUES ('A0405',  null, 'servicePerlink','关联设备','A04','1');
INSERT INTO SM_PERMISSION(PERMISSION_ID,PER_ACTION,CODE,DESCRIPTION,PARENT_ID,IS_BUTTON) VALUES ('A05',  null, 'user','用户管理','A','0');
INSERT INTO SM_PERMISSION(PERMISSION_ID,PER_ACTION,CODE,DESCRIPTION,PARENT_ID,IS_BUTTON) VALUES ('A0501',  null, 'userQuery','查询','A05','1');
INSERT INTO SM_PERMISSION(PERMISSION_ID,PER_ACTION,CODE,DESCRIPTION,PARENT_ID,IS_BUTTON) VALUES ('A0502',  null, 'userAdd','添加','A05','1');
INSERT INTO SM_PERMISSION(PERMISSION_ID,PER_ACTION,CODE,DESCRIPTION,PARENT_ID,IS_BUTTON) VALUES ('A0503',  null, 'userUpdate','更改','A05','1');
INSERT INTO SM_PERMISSION(PERMISSION_ID,PER_ACTION,CODE,DESCRIPTION,PARENT_ID,IS_BUTTON) VALUES ('A0504',  null, 'userDel','删除','A05','1');
INSERT INTO SM_PERMISSION(PERMISSION_ID,PER_ACTION,CODE,DESCRIPTION,PARENT_ID,IS_BUTTON) VALUES ('A07',  null,'userLog','操作员日志','A','0');

INSERT INTO SM_PERMISSION(PERMISSION_ID,PER_ACTION,CODE,DESCRIPTION,PARENT_ID,IS_BUTTON) VALUES ('A08', null, 'role','角色管理','A','0');
INSERT INTO SM_PERMISSION(PERMISSION_ID,PER_ACTION,CODE,DESCRIPTION,PARENT_ID,IS_BUTTON) VALUES ('A0801',  null, 'roleQuery','查询','A08','1');
INSERT INTO SM_PERMISSION(PERMISSION_ID,PER_ACTION,CODE,DESCRIPTION,PARENT_ID,IS_BUTTON) VALUES ('A0802',  null, 'roleAdd','添加','A08','1');
INSERT INTO SM_PERMISSION(PERMISSION_ID,PER_ACTION,CODE,DESCRIPTION,PARENT_ID,IS_BUTTON) VALUES ('A0803',  null, 'roleUpdate','更改','A08','1');
INSERT INTO SM_PERMISSION(PERMISSION_ID,PER_ACTION,CODE,DESCRIPTION,PARENT_ID,IS_BUTTON) VALUES ('A0804',  null, 'roleDel','删除','A08','1');

INSERT INTO SM_PERMISSION(PERMISSION_ID,PER_ACTION,CODE,DESCRIPTION,PARENT_ID,IS_BUTTON) VALUES ('A09', null, 'configuration','系统配置','A','0');
INSERT INTO SM_PERMISSION(PERMISSION_ID,PER_ACTION,CODE,DESCRIPTION,PARENT_ID,IS_BUTTON) VALUES ('A0901',  null, 'configurationUpdateQuery','查询','A09','1');
INSERT INTO SM_PERMISSION(PERMISSION_ID,PER_ACTION,CODE,DESCRIPTION,PARENT_ID,IS_BUTTON) VALUES ('A0902',  null, 'configurationUpdate','更改','A09','1');
INSERT INTO SM_PERMISSION(PERMISSION_ID,PER_ACTION,CODE,DESCRIPTION,PARENT_ID,IS_BUTTON) VALUES ('A10',  null, 'serviceThread','系统运维','A','0');

INSERT INTO SM_PERMISSION(PERMISSION_ID,PER_ACTION,CODE,DESCRIPTION,PARENT_ID,IS_BUTTON) VALUES ('B',  null, 'deviceMgr','设备管理','0','0');
INSERT INTO SM_PERMISSION(PERMISSION_ID,PER_ACTION,CODE,DESCRIPTION,PARENT_ID,IS_BUTTON) VALUES ('B01', null, 'device','设备信息管理','B','0');
INSERT INTO SM_PERMISSION(PERMISSION_ID,PER_ACTION,CODE,DESCRIPTION,PARENT_ID,IS_BUTTON) VALUES ('B0101',  null, 'deviceQuery','查询','B01','1');
INSERT INTO SM_PERMISSION(PERMISSION_ID,PER_ACTION,CODE,DESCRIPTION,PARENT_ID,IS_BUTTON) VALUES ('B0102',  null, 'deviceAdd','增加','B01','1');
INSERT INTO SM_PERMISSION(PERMISSION_ID,PER_ACTION,CODE,DESCRIPTION,PARENT_ID,IS_BUTTON) VALUES ('B0103',  null, 'deviceUpdate','更改','B01','1');
INSERT INTO SM_PERMISSION(PERMISSION_ID,PER_ACTION,CODE,DESCRIPTION,PARENT_ID,IS_BUTTON) VALUES ('B0104',  null, 'deviceDel','删除','B01','1');
INSERT INTO SM_PERMISSION(PERMISSION_ID,PER_ACTION,CODE,DESCRIPTION,PARENT_ID,IS_BUTTON) VALUES ('B02', null, 'atmCatalog','ATM分类','B','0');
INSERT INTO SM_PERMISSION(PERMISSION_ID,PER_ACTION,CODE,DESCRIPTION,PARENT_ID,IS_BUTTON) VALUES ('B0201', null, 'atmCatalogQuery','查询','B02','1');
INSERT INTO SM_PERMISSION(PERMISSION_ID,PER_ACTION,CODE,DESCRIPTION,PARENT_ID,IS_BUTTON) VALUES ('B03', null, 'atmBrand','设备品牌','B','0');
INSERT INTO SM_PERMISSION(PERMISSION_ID,PER_ACTION,CODE,DESCRIPTION,PARENT_ID,IS_BUTTON) VALUES ('B0301',  null, 'atmBrandQuery','查询','B03','1');
INSERT INTO SM_PERMISSION(PERMISSION_ID,PER_ACTION,CODE,DESCRIPTION,PARENT_ID,IS_BUTTON) VALUES ('B0302',  null, 'atmBrandAdd','增加','B03','1');
INSERT INTO SM_PERMISSION(PERMISSION_ID,PER_ACTION,CODE,DESCRIPTION,PARENT_ID,IS_BUTTON) VALUES ('B0303',  null, 'atmBrandUpdate','更改','B03','1');
INSERT INTO SM_PERMISSION(PERMISSION_ID,PER_ACTION,CODE,DESCRIPTION,PARENT_ID,IS_BUTTON) VALUES ('B0304',  null, 'atmBrandDel','删除','B03','1');
INSERT INTO SM_PERMISSION(PERMISSION_ID,PER_ACTION,CODE,DESCRIPTION,PARENT_ID,IS_BUTTON) VALUES ('B04', null, 'atmType','设备型号','B','0');
INSERT INTO SM_PERMISSION(PERMISSION_ID,PER_ACTION,CODE,DESCRIPTION,PARENT_ID,IS_BUTTON) VALUES ('B0401',  null, 'atmTypeQuery','查询','B04','1');
INSERT INTO SM_PERMISSION(PERMISSION_ID,PER_ACTION,CODE,DESCRIPTION,PARENT_ID,IS_BUTTON) VALUES ('B0402',  null, 'atmTypeAdd','添加','B04','1');
INSERT INTO SM_PERMISSION(PERMISSION_ID,PER_ACTION,CODE,DESCRIPTION,PARENT_ID,IS_BUTTON) VALUES ('B0403',  null, 'atmTypeUpdate','更改','B04','1');
INSERT INTO SM_PERMISSION(PERMISSION_ID,PER_ACTION,CODE,DESCRIPTION,PARENT_ID,IS_BUTTON) VALUES ('B0404',  null, 'atmTypeDel','删除','B04','1');
INSERT INTO SM_PERMISSION(PERMISSION_ID,PER_ACTION,CODE,DESCRIPTION,PARENT_ID,IS_BUTTON) VALUES ('B05', null, 'atmGroup','设备分组','B','0');
INSERT INTO SM_PERMISSION(PERMISSION_ID,PER_ACTION,CODE,DESCRIPTION,PARENT_ID,IS_BUTTON) VALUES ('B0501',  null, 'atmGroupQuery','查询','B05','1');
INSERT INTO SM_PERMISSION(PERMISSION_ID,PER_ACTION,CODE,DESCRIPTION,PARENT_ID,IS_BUTTON) VALUES ('B0502',  null, 'atmGroupAdd','增加','B05','1');
INSERT INTO SM_PERMISSION(PERMISSION_ID,PER_ACTION,CODE,DESCRIPTION,PARENT_ID,IS_BUTTON) VALUES ('B0503',  null, 'atmGroupUpdate','更改','B05','1');
INSERT INTO SM_PERMISSION(PERMISSION_ID,PER_ACTION,CODE,DESCRIPTION,PARENT_ID,IS_BUTTON) VALUES ('B0504',  null, 'atmGroupDel','删除','B05','1');
INSERT INTO SM_PERMISSION(PERMISSION_ID,PER_ACTION,CODE,DESCRIPTION,PARENT_ID,IS_BUTTON) VALUES ('B0505',  null, 'atmGroupDeviceQuery','查询设备','B05','1');
INSERT INTO SM_PERMISSION(PERMISSION_ID,PER_ACTION,CODE,DESCRIPTION,PARENT_ID,IS_BUTTON) VALUES ('B0506',  null, 'atmGroupDeviceAdd','增加设备','B05','1');
INSERT INTO SM_PERMISSION(PERMISSION_ID,PER_ACTION,CODE,DESCRIPTION,PARENT_ID,IS_BUTTON) VALUES ('B0507',  null, 'atmGroupDeviceDel','删除设备','B05','1');

INSERT INTO SM_PERMISSION(PERMISSION_ID,PER_ACTION,CODE,DESCRIPTION,PARENT_ID,IS_BUTTON) VALUES ('B06', null, 'device_quittingNotice','报停管理','B','0');
INSERT INTO SM_PERMISSION(PERMISSION_ID,PER_ACTION,CODE,DESCRIPTION,PARENT_ID,IS_BUTTON) VALUES ('B0601', null, 'quittingNoticeQuery','查询','B06','1');
INSERT INTO SM_PERMISSION(PERMISSION_ID,PER_ACTION,CODE,DESCRIPTION,PARENT_ID,IS_BUTTON) VALUES ('B0602', null, 'quittingNoticeAdd','增加','B06','1');
INSERT INTO SM_PERMISSION(PERMISSION_ID,PER_ACTION,CODE,DESCRIPTION,PARENT_ID,IS_BUTTON) VALUES ('B0603', null, 'quittingNoticeUpdate','更改','B06','1');
INSERT INTO SM_PERMISSION(PERMISSION_ID,PER_ACTION,CODE,DESCRIPTION,PARENT_ID,IS_BUTTON) VALUES ('B0604', null, 'quittingNoticeDel','删除','B06','1');
INSERT INTO SM_PERMISSION(PERMISSION_ID,PER_ACTION,CODE,DESCRIPTION,PARENT_ID,IS_BUTTON) VALUES ('B07', null, 'device_move','移机管理','B','0');
INSERT INTO SM_PERMISSION(PERMISSION_ID,PER_ACTION,CODE,DESCRIPTION,PARENT_ID,IS_BUTTON) VALUES ('B0701', null, 'deviceMoveQuery','待移机查询','B07','1');
INSERT INTO SM_PERMISSION(PERMISSION_ID,PER_ACTION,CODE,DESCRIPTION,PARENT_ID,IS_BUTTON) VALUES ('B0702', null, 'deviceMove','移机','B07','1');
INSERT INTO SM_PERMISSION(PERMISSION_ID,PER_ACTION,CODE,DESCRIPTION,PARENT_ID,IS_BUTTON) VALUES ('B0703', null, 'deviceMoveRecordQuery','移机记录查询','B07','1');
INSERT INTO SM_PERMISSION(PERMISSION_ID,PER_ACTION,CODE,DESCRIPTION,PARENT_ID,IS_BUTTON) VALUES ('B0704', null, 'moveDel','删除','B07','1');

INSERT INTO SM_PERMISSION(PERMISSION_ID,PER_ACTION,CODE,DESCRIPTION,PARENT_ID,IS_BUTTON) VALUES ('B08', null, 'retainCard','吞卡管理','B','0');
INSERT INTO SM_PERMISSION(PERMISSION_ID,PER_ACTION,CODE,DESCRIPTION,PARENT_ID,IS_BUTTON) VALUES ('B0801', null, 'cardQuery','查询','B08','1');
INSERT INTO SM_PERMISSION(PERMISSION_ID,PER_ACTION,CODE,DESCRIPTION,PARENT_ID,IS_BUTTON) VALUES ('B0802', null, 'cardAdd','添加','B08','1');
INSERT INTO SM_PERMISSION(PERMISSION_ID,PER_ACTION,CODE,DESCRIPTION,PARENT_ID,IS_BUTTON) VALUES ('B0803', null, 'cardDel','删除','B08','1');

INSERT INTO SM_PERMISSION(PERMISSION_ID,PER_ACTION,CODE,DESCRIPTION,PARENT_ID,IS_BUTTON) VALUES ('B09', null, 'atmLog','应用日志管理','B','0');
INSERT INTO SM_PERMISSION(PERMISSION_ID,PER_ACTION,CODE,DESCRIPTION,PARENT_ID,IS_BUTTON) VALUES ('B0901', null, 'logBackup','应用日志下载','B09','0');
INSERT INTO SM_PERMISSION(PERMISSION_ID,PER_ACTION,CODE,DESCRIPTION,PARENT_ID,IS_BUTTON) VALUES ('B090101', null, 'logBackupQuery','查询','B0901','1');
INSERT INTO SM_PERMISSION(PERMISSION_ID,PER_ACTION,CODE,DESCRIPTION,PARENT_ID,IS_BUTTON) VALUES ('B0902', null, 'dayBackupJob','每日备份任务','B09','0');
INSERT INTO SM_PERMISSION(PERMISSION_ID,PER_ACTION,CODE,DESCRIPTION,PARENT_ID,IS_BUTTON) VALUES ('B090201', null, 'dayBackupJobQuery','查询','B0902','1');
INSERT INTO SM_PERMISSION(PERMISSION_ID,PER_ACTION,CODE,DESCRIPTION,PARENT_ID,IS_BUTTON) VALUES ('B0904', null, 'atmLogInfo','日志备份统计','B09','0');
INSERT INTO SM_PERMISSION(PERMISSION_ID,PER_ACTION,CODE,DESCRIPTION,PARENT_ID,IS_BUTTON) VALUES ('B090401', null, 'atmLogInfoQuery','查询','B0904','1');

INSERT INTO SM_PERMISSION(PERMISSION_ID,PER_ACTION,CODE,DESCRIPTION,PARENT_ID,IS_BUTTON) VALUES ('C', null, 'monitor','实时监控','0','0');
INSERT INTO SM_PERMISSION(PERMISSION_ID,PER_ACTION,CODE,DESCRIPTION,PARENT_ID,IS_BUTTON) VALUES ('C01', null, 'monitor_device','状态监控','C','0');
INSERT INTO SM_PERMISSION(PERMISSION_ID,PER_ACTION,CODE,DESCRIPTION,PARENT_ID,IS_BUTTON) VALUES ('C0101', null, 'remoteScreen','远程抓屏','C01','1');
INSERT INTO SM_PERMISSION(PERMISSION_ID,PER_ACTION,CODE,DESCRIPTION,PARENT_ID,IS_BUTTON) VALUES ('C0102', null, 'takeLog','提取电子日志','C01','1');
INSERT INTO SM_PERMISSION(PERMISSION_ID,PER_ACTION,CODE,DESCRIPTION,PARENT_ID,IS_BUTTON) VALUES ('C0103', null, 'close','关机','C01','1');
INSERT INTO SM_PERMISSION(PERMISSION_ID,PER_ACTION,CODE,DESCRIPTION,PARENT_ID,IS_BUTTON) VALUES ('C0104', null, 'restart','重新启动','C01','1');
INSERT INTO SM_PERMISSION(PERMISSION_ID,PER_ACTION,CODE,DESCRIPTION,PARENT_ID,IS_BUTTON) VALUES ('C0105', null, 'logicOpen','开启服务','C01','1');
INSERT INTO SM_PERMISSION(PERMISSION_ID,PER_ACTION,CODE,DESCRIPTION,PARENT_ID,IS_BUTTON) VALUES ('C0106', null, 'logicClose','暂停服务','C01','1');
INSERT INTO SM_PERMISSION(PERMISSION_ID,PER_ACTION,CODE,DESCRIPTION,PARENT_ID,IS_BUTTON) VALUES ('C0107', null, 'remoteBrowser','远程浏览','C01','1');
INSERT INTO SM_PERMISSION(PERMISSION_ID,PER_ACTION,CODE,DESCRIPTION,PARENT_ID,IS_BUTTON) VALUES ('C010701', null, 'remoteUpFile','上传','C0107','1');
INSERT INTO SM_PERMISSION(PERMISSION_ID,PER_ACTION,CODE,DESCRIPTION,PARENT_ID,IS_BUTTON) VALUES ('C010702', null, 'remoteDownFile','下载','C0107','1');
INSERT INTO SM_PERMISSION(PERMISSION_ID,PER_ACTION,CODE,DESCRIPTION,PARENT_ID,IS_BUTTON) VALUES ('C0108', null, 'screenCamera','屏幕录制','C01','1');
INSERT INTO SM_PERMISSION(PERMISSION_ID,PER_ACTION,CODE,DESCRIPTION,PARENT_ID,IS_BUTTON) VALUES ('C0109', null, 'reset','强制复位','C01','1');
INSERT INTO SM_PERMISSION(PERMISSION_ID,PER_ACTION,CODE,DESCRIPTION,PARENT_ID,IS_BUTTON) VALUES ('C0110', null, 'modStatusGraphic','模块状态图形化展示','C01','1');
INSERT INTO SM_PERMISSION(PERMISSION_ID,PER_ACTION,CODE,DESCRIPTION,PARENT_ID,IS_BUTTON) VALUES ('C0112', null, 'remoteCheckATM','ATM体检','C01','1');
INSERT INTO SM_PERMISSION(PERMISSION_ID,PER_ACTION,CODE,DESCRIPTION,PARENT_ID,IS_BUTTON) VALUES ('C02', null, 'trans','交易监视','C','0');
INSERT INTO SM_PERMISSION(PERMISSION_ID,PER_ACTION,CODE,DESCRIPTION,PARENT_ID,IS_BUTTON) VALUES ('C0201', null, 'hits_trans','历史交易查询','C02','0');
INSERT INTO SM_PERMISSION(PERMISSION_ID,PER_ACTION,CODE,DESCRIPTION,PARENT_ID,IS_BUTTON) VALUES ('C020101', null, 'hitsTransQuery','查询','C0201','1');

INSERT INTO SM_PERMISSION(PERMISSION_ID,PER_ACTION,CODE,DESCRIPTION,PARENT_ID,IS_BUTTON) VALUES ('C0202', null, 'monitor_trans','实时交易监控','C02','0');
INSERT INTO SM_PERMISSION(PERMISSION_ID,PER_ACTION,CODE,DESCRIPTION,PARENT_ID,IS_BUTTON) VALUES ('C0203', null, 'cash_init','加钞信息查询','C02','0');
INSERT INTO SM_PERMISSION(PERMISSION_ID,PER_ACTION,CODE,DESCRIPTION,PARENT_ID,IS_BUTTON) VALUES ('C020301', null, 'cashInitQuery','查询','C0203','1');


INSERT INTO SM_PERMISSION(PERMISSION_ID,PER_ACTION,CODE,DESCRIPTION,PARENT_ID,IS_BUTTON) VALUES ('C0204', null, 'settlement','清机信息查询','C02','0');
INSERT INTO SM_PERMISSION(PERMISSION_ID,PER_ACTION,CODE,DESCRIPTION,PARENT_ID,IS_BUTTON) VALUES ('C020401', null, 'settlementQuery','查询','C0204','1');

INSERT INTO SM_PERMISSION(PERMISSION_ID,PER_ACTION,CODE,DESCRIPTION,PARENT_ID,IS_BUTTON) VALUES ('D', null, 'softDistribute','软件管理','0','0');
INSERT INTO SM_PERMISSION(PERMISSION_ID,PER_ACTION,CODE,DESCRIPTION,PARENT_ID,IS_BUTTON) VALUES ('D01', null, 'version','版本管理','D','0');
INSERT INTO SM_PERMISSION(PERMISSION_ID,PER_ACTION,CODE,DESCRIPTION,PARENT_ID,IS_BUTTON) VALUES ('D0101', null, 'versionQuery','查询','D01','1');
INSERT INTO SM_PERMISSION(PERMISSION_ID,PER_ACTION,CODE,DESCRIPTION,PARENT_ID,IS_BUTTON) VALUES ('D0102', null, 'versionExportBtn','下发','D01','1');
INSERT INTO SM_PERMISSION(PERMISSION_ID,PER_ACTION,CODE,DESCRIPTION,PARENT_ID,IS_BUTTON) VALUES ('D0103', null, 'versionAdd','增加','D01','1');
INSERT INTO SM_PERMISSION(PERMISSION_ID,PER_ACTION,CODE,DESCRIPTION,PARENT_ID,IS_BUTTON) VALUES ('D0104', null, 'versionUpdate','更改','D01','1');
INSERT INTO SM_PERMISSION(PERMISSION_ID,PER_ACTION,CODE,DESCRIPTION,PARENT_ID,IS_BUTTON) VALUES ('D0105', null, 'versionDel','删除','D01','1');
INSERT INTO SM_PERMISSION(PERMISSION_ID,PER_ACTION,CODE,DESCRIPTION,PARENT_ID,IS_BUTTON) VALUES ('D02', null, 'advert','广告管理','D','0');
INSERT INTO SM_PERMISSION(PERMISSION_ID,PER_ACTION,CODE,DESCRIPTION,PARENT_ID,IS_BUTTON) VALUES ('D0201', null, 'advertQuery','查询','D02','1');
INSERT INTO SM_PERMISSION(PERMISSION_ID,PER_ACTION,CODE,DESCRIPTION,PARENT_ID,IS_BUTTON) VALUES ('D0202', null, 'advertCreate','创建广告','D02','1');
INSERT INTO SM_PERMISSION(PERMISSION_ID,PER_ACTION,CODE,DESCRIPTION,PARENT_ID,IS_BUTTON) VALUES ('D020201', null, 'advertWait','创建等待插卡广告','D0202','1');
INSERT INTO SM_PERMISSION(PERMISSION_ID,PER_ACTION,CODE,DESCRIPTION,PARENT_ID,IS_BUTTON) VALUES ('D020202', null, 'advertTrans','创建交易页面广告','D0202','1');
INSERT INTO SM_PERMISSION(PERMISSION_ID,PER_ACTION,CODE,DESCRIPTION,PARENT_ID,IS_BUTTON) VALUES ('D020203', null, 'advertText','创建文字滚动广告','D0202','1');
INSERT INTO SM_PERMISSION(PERMISSION_ID,PER_ACTION,CODE,DESCRIPTION,PARENT_ID,IS_BUTTON) VALUES ('D020204', null, 'advertAnnoucement','创建公告','D0202','1');
INSERT INTO SM_PERMISSION(PERMISSION_ID,PER_ACTION,CODE,DESCRIPTION,PARENT_ID,IS_BUTTON) VALUES ('D0203', null, 'advertDownAdvert','下发广告','D02','1');
INSERT INTO SM_PERMISSION(PERMISSION_ID,PER_ACTION,CODE,DESCRIPTION,PARENT_ID,IS_BUTTON) VALUES ('D0204', null, 'advertPreview','广告预览','D02','1');
INSERT INTO SM_PERMISSION(PERMISSION_ID,PER_ACTION,CODE,DESCRIPTION,PARENT_ID,IS_BUTTON) VALUES ('D0205', null, 'advertDel','删除','D02','1');
INSERT INTO SM_PERMISSION(PERMISSION_ID,PER_ACTION,CODE,DESCRIPTION,PARENT_ID,IS_BUTTON) VALUES ('D03', null, 'versionMonitor','分发监控','D','0');
INSERT INTO SM_PERMISSION(PERMISSION_ID,PER_ACTION,CODE,DESCRIPTION,PARENT_ID,IS_BUTTON) VALUES ('D0301', null, 'versionMonitorQuery','查询','D03','1');
INSERT INTO SM_PERMISSION(PERMISSION_ID,PER_ACTION,CODE,DESCRIPTION,PARENT_ID,IS_BUTTON) VALUES ('D0302', null, 'versionMonitorDel','撤销作业','D03','1');
INSERT INTO SM_PERMISSION(PERMISSION_ID,PER_ACTION,CODE,DESCRIPTION,PARENT_ID,IS_BUTTON) VALUES ('D0303', null, 'exportJobToExcel','导出','D03','1');
INSERT INTO SM_PERMISSION(PERMISSION_ID,PER_ACTION,CODE,DESCRIPTION,PARENT_ID,IS_BUTTON) VALUES ('D0304', null, 'resetStatus','重置任务状态','D03','1');
INSERT INTO SM_PERMISSION(PERMISSION_ID,PER_ACTION,CODE,DESCRIPTION,PARENT_ID,IS_BUTTON) VALUES ('D04', null, 'deviceVersion','设备版本','D','0');
INSERT INTO SM_PERMISSION(PERMISSION_ID,PER_ACTION,CODE,DESCRIPTION,PARENT_ID,IS_BUTTON) VALUES ('D0401', null, 'deviceVersionQuery','查询','D04','1');
INSERT INTO SM_PERMISSION(PERMISSION_ID,PER_ACTION,CODE,DESCRIPTION,PARENT_ID,IS_BUTTON) VALUES ('D05', null, 'versionType','软件分类管理','D','0');
INSERT INTO SM_PERMISSION(PERMISSION_ID,PER_ACTION,CODE,DESCRIPTION,PARENT_ID,IS_BUTTON) VALUES ('D0501', null, 'versionTypeQuery','查询','D05','1');
INSERT INTO SM_PERMISSION(PERMISSION_ID,PER_ACTION,CODE,DESCRIPTION,PARENT_ID,IS_BUTTON) VALUES ('D0502', null, 'versionTypeAdd','增加','D05','1');
INSERT INTO SM_PERMISSION(PERMISSION_ID,PER_ACTION,CODE,DESCRIPTION,PARENT_ID,IS_BUTTON) VALUES ('D0503', null, 'versionTypeDel','删除','D05','1');
INSERT INTO SM_PERMISSION(PERMISSION_ID,PER_ACTION,CODE,DESCRIPTION,PARENT_ID,IS_BUTTON) VALUES ('D0504', null, 'versionTypeUpdate','修改','D05','1');
INSERT INTO SM_PERMISSION(PERMISSION_ID,PER_ACTION,CODE,DESCRIPTION,PARENT_ID,IS_BUTTON) VALUES ('D06', null, 'versionAutoUpdate','自动更新信息','D','0');
INSERT INTO SM_PERMISSION(PERMISSION_ID,PER_ACTION,CODE,DESCRIPTION,PARENT_ID,IS_BUTTON) VALUES ('D07', null, 'versionDistribute','版本分布图','D','0');



INSERT INTO SM_PERMISSION(PERMISSION_ID,PER_ACTION,CODE,DESCRIPTION,PARENT_ID,IS_BUTTON) VALUES ('E', null, 'case','故障管理','0','0');
INSERT INTO SM_PERMISSION(PERMISSION_ID,PER_ACTION,CODE,DESCRIPTION,PARENT_ID,IS_BUTTON) VALUES ('E01', null, 'notifyMould','短信内容配置','E','0');
INSERT INTO SM_PERMISSION(PERMISSION_ID,PER_ACTION,CODE,DESCRIPTION,PARENT_ID,IS_BUTTON) VALUES ('E02', null, 'faultConfig','故障类型配置','E','0');
INSERT INTO SM_PERMISSION(PERMISSION_ID,PER_ACTION,CODE,DESCRIPTION,PARENT_ID,IS_BUTTON) VALUES ('E03', null, 'casefault','故障查询','E','0');
INSERT INTO SM_PERMISSION(PERMISSION_ID,PER_ACTION,CODE,DESCRIPTION,PARENT_ID,IS_BUTTON) VALUES ('E04', null, 'casenotify','短信查询','E','0');
INSERT INTO SM_PERMISSION(PERMISSION_ID,PER_ACTION,CODE,DESCRIPTION,PARENT_ID,IS_BUTTON) VALUES ('E05', null, 'vendorCode','厂商故障信息管理','E','0');
INSERT INTO SM_PERMISSION(PERMISSION_ID,PER_ACTION,CODE,DESCRIPTION,PARENT_ID,IS_BUTTON) VALUES ('E0501', null, 'vendorCodeQuery','查询','E05','1');

INSERT INTO SM_PERMISSION(PERMISSION_ID,PER_ACTION,CODE,DESCRIPTION,PARENT_ID,IS_BUTTON) VALUES ('E0502', null, 'vendorCodeImport','批量导入','E05','1');
INSERT INTO SM_PERMISSION(PERMISSION_ID,PER_ACTION,CODE,DESCRIPTION,PARENT_ID,IS_BUTTON) VALUES ('E0503', null, 'vendorCodeDelete','批量删除','E05','1');


INSERT INTO SM_PERMISSION(PERMISSION_ID,PER_ACTION,CODE,DESCRIPTION,PARENT_ID,IS_BUTTON) VALUES ('F', null, 'report','报表管理','0','0');
INSERT INTO SM_PERMISSION(PERMISSION_ID,PER_ACTION,CODE,DESCRIPTION,PARENT_ID,IS_BUTTON) VALUES ('F01', null, 'basicReport','基础类报表','F','0');
INSERT INTO SM_PERMISSION(PERMISSION_ID,PER_ACTION,CODE,DESCRIPTION,PARENT_ID,IS_BUTTON) VALUES ('F0101', null, 'reportVendor','设备品牌统计报表','F01','0');
INSERT INTO SM_PERMISSION(PERMISSION_ID,PER_ACTION,CODE,DESCRIPTION,PARENT_ID,IS_BUTTON) VALUES ('F0102', null, 'reportDeviceBoxDetail','钞箱余额报表','F01','0');
INSERT INTO SM_PERMISSION(PERMISSION_ID,PER_ACTION,CODE,DESCRIPTION,PARENT_ID,IS_BUTTON) VALUES ('F0103', null, 'reporDeviceHardWare','系统硬件配置报表','F01','0');
INSERT INTO SM_PERMISSION(PERMISSION_ID,PER_ACTION,CODE,DESCRIPTION,PARENT_ID,IS_BUTTON) VALUES ('F0104', null, 'reportDeviceUseCount','设备运行情况报表','F01','0');
INSERT INTO SM_PERMISSION(PERMISSION_ID,PER_ACTION,CODE,DESCRIPTION,PARENT_ID,IS_BUTTON) VALUES ('F0105', null, 'reportDeviceInfo','设备明细报表','F01','0');

INSERT INTO SM_PERMISSION(PERMISSION_ID,PER_ACTION,CODE,DESCRIPTION,PARENT_ID,IS_BUTTON) VALUES ('F02', null, 'transReport','交易类报表','F','0');
INSERT INTO SM_PERMISSION(PERMISSION_ID,PER_ACTION,CODE,DESCRIPTION,PARENT_ID,IS_BUTTON) VALUES ('F0201', null, 'reportRetainCardDetail','吞卡明细报表','F02','0');
INSERT INTO SM_PERMISSION(PERMISSION_ID,PER_ACTION,CODE,DESCRIPTION,PARENT_ID,IS_BUTTON) VALUES ('F0202', null, 'reportRetainCardCount','吞卡统计报表','F02','0');
INSERT INTO SM_PERMISSION(PERMISSION_ID,PER_ACTION,CODE,DESCRIPTION,PARENT_ID,IS_BUTTON) VALUES ('F0203', null, 'reportTransactionCount','交易统计报表','F02','0');
INSERT INTO SM_PERMISSION(PERMISSION_ID,PER_ACTION,CODE,DESCRIPTION,PARENT_ID,IS_BUTTON) VALUES ('F0204', null, 'reportTransactionResult','交易结果统计报表','F02','0');
INSERT INTO SM_PERMISSION(PERMISSION_ID,PER_ACTION,CODE,DESCRIPTION,PARENT_ID,IS_BUTTON) VALUES ('F0205', null, 'reportCashIn','加钞情况报表','F02','0');
INSERT INTO SM_PERMISSION(PERMISSION_ID,PER_ACTION,CODE,DESCRIPTION,PARENT_ID,IS_BUTTON) VALUES ('F0206', null, 'reportSettlement','清机情况报表','F02','0');

INSERT INTO SM_PERMISSION(PERMISSION_ID,PER_ACTION,CODE,DESCRIPTION,PARENT_ID,IS_BUTTON) VALUES ('F03', null, 'caseReport','故障类报表','F','0');
INSERT INTO SM_PERMISSION(PERMISSION_ID,PER_ACTION,CODE,DESCRIPTION,PARENT_ID,IS_BUTTON) VALUES ('F0301', null, 'caseTrendReportByMonth','故障趋势图(月)','F03','0');
INSERT INTO SM_PERMISSION(PERMISSION_ID,PER_ACTION,CODE,DESCRIPTION,PARENT_ID,IS_BUTTON) VALUES ('F030101', null, 'exportToPngForMonth','导出图片','F0301','1');
INSERT INTO SM_PERMISSION(PERMISSION_ID,PER_ACTION,CODE,DESCRIPTION,PARENT_ID,IS_BUTTON) VALUES ('F030102', null, 'exportToExcelForMonth','导出Excel','F0301','1');
INSERT INTO SM_PERMISSION(PERMISSION_ID,PER_ACTION,CODE,DESCRIPTION,PARENT_ID,IS_BUTTON) VALUES ('F030103', null, 'exportToPdfForMonth','导出PDF','F0301','1');
INSERT INTO SM_PERMISSION(PERMISSION_ID,PER_ACTION,CODE,DESCRIPTION,PARENT_ID,IS_BUTTON) VALUES ('F0302', null, 'caseTrendReportByDay','故障趋势图(日)','F03','0');
INSERT INTO SM_PERMISSION(PERMISSION_ID,PER_ACTION,CODE,DESCRIPTION,PARENT_ID,IS_BUTTON) VALUES ('F030201', null, 'exportToPngForDay','导出图片','F0302','1');
INSERT INTO SM_PERMISSION(PERMISSION_ID,PER_ACTION,CODE,DESCRIPTION,PARENT_ID,IS_BUTTON) VALUES ('F030202', null, 'exportToExcelForDay','导出Excel','F0302','1');
INSERT INTO SM_PERMISSION(PERMISSION_ID,PER_ACTION,CODE,DESCRIPTION,PARENT_ID,IS_BUTTON) VALUES ('F030203', null, 'exportToPdfForDay','导出PDF','F0302','1');
INSERT INTO SM_PERMISSION(PERMISSION_ID,PER_ACTION,CODE,DESCRIPTION,PARENT_ID,IS_BUTTON) VALUES ('F0303', null, 'caseStatisticsReportByBrand','故障统计图(品牌)','F03','0');
INSERT INTO SM_PERMISSION(PERMISSION_ID,PER_ACTION,CODE,DESCRIPTION,PARENT_ID,IS_BUTTON) VALUES ('F030301', null, 'exportToPngForBrand','导出图片','F0303','1');
INSERT INTO SM_PERMISSION(PERMISSION_ID,PER_ACTION,CODE,DESCRIPTION,PARENT_ID,IS_BUTTON) VALUES ('F030302', null, 'exportToExcelForBrand','导出Excel','F0303','1');
INSERT INTO SM_PERMISSION(PERMISSION_ID,PER_ACTION,CODE,DESCRIPTION,PARENT_ID,IS_BUTTON) VALUES ('F030303', null, 'exportToPdfForBrand','导出PDF','F0303','1');
INSERT INTO SM_PERMISSION(PERMISSION_ID,PER_ACTION,CODE,DESCRIPTION,PARENT_ID,IS_BUTTON) VALUES ('F0304', null, 'caseStatisticsReportByDevice','故障统计图(设备)','F03','0');
INSERT INTO SM_PERMISSION(PERMISSION_ID,PER_ACTION,CODE,DESCRIPTION,PARENT_ID,IS_BUTTON) VALUES ('F030401', null, 'exportToPngForDevice','导出图片','F0304','1');
INSERT INTO SM_PERMISSION(PERMISSION_ID,PER_ACTION,CODE,DESCRIPTION,PARENT_ID,IS_BUTTON) VALUES ('F030402', null, 'exportToExcelForDevice','导出Excel','F0304','1');
INSERT INTO SM_PERMISSION(PERMISSION_ID,PER_ACTION,CODE,DESCRIPTION,PARENT_ID,IS_BUTTON) VALUES ('F030403', null, 'exportToPdfForDevice','导出PDF','F0304','1');
INSERT INTO SM_PERMISSION(PERMISSION_ID,PER_ACTION,CODE,DESCRIPTION,PARENT_ID,IS_BUTTON) VALUES ('F0305', null, 'caseStatisticsReportByModule','故障统计图(模块)','F03','0');
INSERT INTO SM_PERMISSION(PERMISSION_ID,PER_ACTION,CODE,DESCRIPTION,PARENT_ID,IS_BUTTON) VALUES ('F030501', null, 'exportToPngForModule','导出图片','F0305','1');
INSERT INTO SM_PERMISSION(PERMISSION_ID,PER_ACTION,CODE,DESCRIPTION,PARENT_ID,IS_BUTTON) VALUES ('F030502', null, 'exportToExcelForModule','导出Excel','F0305','1');
INSERT INTO SM_PERMISSION(PERMISSION_ID,PER_ACTION,CODE,DESCRIPTION,PARENT_ID,IS_BUTTON) VALUES ('F030503', null, 'exportToPdfForModule','导出PDF','F0305','1');
INSERT INTO SM_PERMISSION(PERMISSION_ID,PER_ACTION,CODE,DESCRIPTION,PARENT_ID,IS_BUTTON) VALUES ('F0306', null, 'caseStatisticsReportByCaseType','故障统计图(类型)','F03','0');
INSERT INTO SM_PERMISSION(PERMISSION_ID,PER_ACTION,CODE,DESCRIPTION,PARENT_ID,IS_BUTTON) VALUES ('F030601', null, 'exportToPngForType','导出图片','F0306','1');
INSERT INTO SM_PERMISSION(PERMISSION_ID,PER_ACTION,CODE,DESCRIPTION,PARENT_ID,IS_BUTTON) VALUES ('F030602', null, 'exportToExcelForType','导出Excel','F0306','1');
INSERT INTO SM_PERMISSION(PERMISSION_ID,PER_ACTION,CODE,DESCRIPTION,PARENT_ID,IS_BUTTON) VALUES ('F030603', null, 'exportToPdfForType','导出PDF','F0306','1');

INSERT INTO SM_PERMISSION(PERMISSION_ID,PER_ACTION,CODE,DESCRIPTION,PARENT_ID,IS_BUTTON) VALUES ('F04', null, 'openRateReport','开机率报表','F','0');
INSERT INTO SM_PERMISSION(PERMISSION_ID,PER_ACTION,CODE,DESCRIPTION,PARENT_ID,IS_BUTTON) VALUES ('F0401', null, 'deviceOpenRate','设备开机率','F04','0');
INSERT INTO SM_PERMISSION(PERMISSION_ID,PER_ACTION,CODE,DESCRIPTION,PARENT_ID,IS_BUTTON) VALUES ('F0402', null, 'typeOpenRate','型号开机率','F04','0');
INSERT INTO SM_PERMISSION(PERMISSION_ID,PER_ACTION,CODE,DESCRIPTION,PARENT_ID,IS_BUTTON) VALUES ('F0403', null, 'orgOpenRate','机构开机率','F04','0');
INSERT INTO SM_ORG(ID,ADDRESS,CODE,DESCRIPTION,NAME,ORG_FLAG,STATE,ORG_TYPE,PERSON_ID,ZIP,PARENT_ID) VALUES ('1', null, 'root', null, '机构', '-1', null, null, '0', null, null);
INSERT INTO SM_ORG(CODE,NAME,ORG_FLAG,STATE,ORG_TYPE,PERSON_ID,PARENT_ID) VALUES('YIHUA','深圳怡化','-2-1',1,1,0,1);

INSERT INTO SM_PERSON_JOB(ID,CODE,NAME,REMARK) VALUES('1', '0000', '董事长','');
INSERT INTO SM_PERSON_JOB(ID,CODE,NAME,REMARK) VALUES('2', '0001', '行长','');
INSERT INTO SM_PERSON_JOB(ID,CODE,NAME,REMARK) VALUES('3', '0002', '总行总经理','');
INSERT INTO SM_PERSON_JOB(ID,CODE,NAME,REMARK) VALUES('4', '0003', '总行副总经理','');
INSERT INTO SM_PERSON_JOB(ID,CODE,NAME,REMARK) VALUES('5', '0004', '分行行长','');
INSERT INTO SM_PERSON_JOB(ID,CODE,NAME,REMARK) VALUES('6', '0005', '科长','');
INSERT INTO SM_PERSON_JOB(ID,CODE,NAME,REMARK) VALUES('7', '0006', '会计','');

INSERT INTO SM_PERSON(ID,BIRTHDAY,CODE,EMAIL,GENDER,MOBILE,NAME,PHONE,PERSON_TYPE,ORGANIZATION_ID,PERSONJOB) VALUES ('1', '2012-04-13', '超级管理员', '', '0', '15855772942', 'admin', '1859999', null, '1', '1');

INSERT INTO SM_ROLE(PM_ROLE_ID,RELATION,NOTE,INHERIT,NAME,IS_SYSTEM,ROLE_TYPE) VALUES ('1', '', '系统默认的超级管理员', '', '超级管理员', 1, '0');

 INSERT INTO SM_ROLE_PERMISSION(PERMISSION_ID,ROLE_ID) VALUES ('0','1');
 INSERT INTO SM_ROLE_PERMISSION(PERMISSION_ID,ROLE_ID) VALUES ('A','1');
 INSERT INTO SM_ROLE_PERMISSION(PERMISSION_ID,ROLE_ID) VALUES ('A01','1');
 INSERT INTO SM_ROLE_PERMISSION(PERMISSION_ID,ROLE_ID) VALUES ('A0101','1');
 INSERT INTO SM_ROLE_PERMISSION(PERMISSION_ID,ROLE_ID) VALUES ('A0102','1');
 INSERT INTO SM_ROLE_PERMISSION(PERMISSION_ID,ROLE_ID) VALUES ('A0103','1');
 INSERT INTO SM_ROLE_PERMISSION(PERMISSION_ID,ROLE_ID) VALUES ('A0104','1');
 INSERT INTO SM_ROLE_PERMISSION(PERMISSION_ID,ROLE_ID) VALUES ('A0105','1');
 INSERT INTO SM_ROLE_PERMISSION(PERMISSION_ID,ROLE_ID) VALUES ('A0106','1');
 INSERT INTO SM_ROLE_PERMISSION(PERMISSION_ID,ROLE_ID) VALUES ('A02','1');
 INSERT INTO SM_ROLE_PERMISSION(PERMISSION_ID,ROLE_ID) VALUES ('A0201','1');
 INSERT INTO SM_ROLE_PERMISSION(PERMISSION_ID,ROLE_ID) VALUES ('A0202','1');
 INSERT INTO SM_ROLE_PERMISSION(PERMISSION_ID,ROLE_ID) VALUES ('A0203','1');
 INSERT INTO SM_ROLE_PERMISSION(PERMISSION_ID,ROLE_ID) VALUES ('A0204','1');
 INSERT INTO SM_ROLE_PERMISSION(PERMISSION_ID,ROLE_ID) VALUES ('A0205','1');
 INSERT INTO SM_ROLE_PERMISSION(PERMISSION_ID,ROLE_ID) VALUES ('A03','1');
 INSERT INTO SM_ROLE_PERMISSION(PERMISSION_ID,ROLE_ID) VALUES ('A0301','1');
 INSERT INTO SM_ROLE_PERMISSION(PERMISSION_ID,ROLE_ID) VALUES ('A0302','1');
 INSERT INTO SM_ROLE_PERMISSION(PERMISSION_ID,ROLE_ID) VALUES ('A0303','1');
 INSERT INTO SM_ROLE_PERMISSION(PERMISSION_ID,ROLE_ID) VALUES ('A0304','1');
 INSERT INTO SM_ROLE_PERMISSION(PERMISSION_ID,ROLE_ID) VALUES ('A0305','1');
 INSERT INTO SM_ROLE_PERMISSION(PERMISSION_ID,ROLE_ID) VALUES ('A04','1');
 INSERT INTO SM_ROLE_PERMISSION(PERMISSION_ID,ROLE_ID) VALUES ('A0401','1');
 INSERT INTO SM_ROLE_PERMISSION(PERMISSION_ID,ROLE_ID) VALUES ('A0402','1');
 INSERT INTO SM_ROLE_PERMISSION(PERMISSION_ID,ROLE_ID) VALUES ('A0403','1');
 INSERT INTO SM_ROLE_PERMISSION(PERMISSION_ID,ROLE_ID) VALUES ('A0404','1');
 INSERT INTO SM_ROLE_PERMISSION(PERMISSION_ID,ROLE_ID) VALUES ('A0405','1');
 INSERT INTO SM_ROLE_PERMISSION(PERMISSION_ID,ROLE_ID) VALUES ('A05','1');
 INSERT INTO SM_ROLE_PERMISSION(PERMISSION_ID,ROLE_ID) VALUES ('A0501','1');
 INSERT INTO SM_ROLE_PERMISSION(PERMISSION_ID,ROLE_ID) VALUES ('A0502','1');
 INSERT INTO SM_ROLE_PERMISSION(PERMISSION_ID,ROLE_ID) VALUES ('A0503','1');
 INSERT INTO SM_ROLE_PERMISSION(PERMISSION_ID,ROLE_ID) VALUES ('A0504','1');
 INSERT INTO SM_ROLE_PERMISSION(PERMISSION_ID,ROLE_ID) VALUES ('A07','1');
 INSERT INTO SM_ROLE_PERMISSION(PERMISSION_ID,ROLE_ID) VALUES ('A08','1');
 INSERT INTO SM_ROLE_PERMISSION(PERMISSION_ID,ROLE_ID) VALUES ('A0801','1');
 INSERT INTO SM_ROLE_PERMISSION(PERMISSION_ID,ROLE_ID) VALUES ('A0802','1');
 INSERT INTO SM_ROLE_PERMISSION(PERMISSION_ID,ROLE_ID) VALUES ('A0803','1');
 INSERT INTO SM_ROLE_PERMISSION(PERMISSION_ID,ROLE_ID) VALUES ('A0804','1');
 INSERT INTO SM_ROLE_PERMISSION(PERMISSION_ID,ROLE_ID) VALUES ('A09','1');
 INSERT INTO SM_ROLE_PERMISSION(PERMISSION_ID,ROLE_ID) VALUES ('A0901','1');
 INSERT INTO SM_ROLE_PERMISSION(PERMISSION_ID,ROLE_ID) VALUES ('A0902','1');
 INSERT INTO SM_ROLE_PERMISSION(PERMISSION_ID,ROLE_ID) VALUES ('A10','1');
 INSERT INTO SM_ROLE_PERMISSION(PERMISSION_ID,ROLE_ID) VALUES ('B','1');
 INSERT INTO SM_ROLE_PERMISSION(PERMISSION_ID,ROLE_ID) VALUES ('B01','1');
 INSERT INTO SM_ROLE_PERMISSION(PERMISSION_ID,ROLE_ID) VALUES ('B0101','1');
 INSERT INTO SM_ROLE_PERMISSION(PERMISSION_ID,ROLE_ID) VALUES ('B0102','1');
 INSERT INTO SM_ROLE_PERMISSION(PERMISSION_ID,ROLE_ID) VALUES ('B0103','1');
 INSERT INTO SM_ROLE_PERMISSION(PERMISSION_ID,ROLE_ID) VALUES ('B0104','1');
 INSERT INTO SM_ROLE_PERMISSION(PERMISSION_ID,ROLE_ID) VALUES ('B02','1');
 INSERT INTO SM_ROLE_PERMISSION(PERMISSION_ID,ROLE_ID) VALUES ('B0201','1');
 INSERT INTO SM_ROLE_PERMISSION(PERMISSION_ID,ROLE_ID) VALUES ('B03','1');
 INSERT INTO SM_ROLE_PERMISSION(PERMISSION_ID,ROLE_ID) VALUES ('B0301','1');
 INSERT INTO SM_ROLE_PERMISSION(PERMISSION_ID,ROLE_ID) VALUES ('B0302','1');
 INSERT INTO SM_ROLE_PERMISSION(PERMISSION_ID,ROLE_ID) VALUES ('B0303','1');
 INSERT INTO SM_ROLE_PERMISSION(PERMISSION_ID,ROLE_ID) VALUES ('B0304','1');
 INSERT INTO SM_ROLE_PERMISSION(PERMISSION_ID,ROLE_ID) VALUES ('B04','1');
 INSERT INTO SM_ROLE_PERMISSION(PERMISSION_ID,ROLE_ID) VALUES ('B0401','1');
 INSERT INTO SM_ROLE_PERMISSION(PERMISSION_ID,ROLE_ID) VALUES ('B0402','1');
 INSERT INTO SM_ROLE_PERMISSION(PERMISSION_ID,ROLE_ID) VALUES ('B0403','1');
 INSERT INTO SM_ROLE_PERMISSION(PERMISSION_ID,ROLE_ID) VALUES ('B0404','1');
 INSERT INTO SM_ROLE_PERMISSION(PERMISSION_ID,ROLE_ID) VALUES ('B05','1');
 INSERT INTO SM_ROLE_PERMISSION(PERMISSION_ID,ROLE_ID) VALUES ('B0501','1');
 INSERT INTO SM_ROLE_PERMISSION(PERMISSION_ID,ROLE_ID) VALUES ('B0502','1');
 INSERT INTO SM_ROLE_PERMISSION(PERMISSION_ID,ROLE_ID) VALUES ('B0503','1');
 INSERT INTO SM_ROLE_PERMISSION(PERMISSION_ID,ROLE_ID) VALUES ('B0504','1');
 INSERT INTO SM_ROLE_PERMISSION(PERMISSION_ID,ROLE_ID) VALUES ('B0505','1');
 INSERT INTO SM_ROLE_PERMISSION(PERMISSION_ID,ROLE_ID) VALUES ('B0506','1');
 INSERT INTO SM_ROLE_PERMISSION(PERMISSION_ID,ROLE_ID) VALUES ('B0507','1');
 INSERT INTO SM_ROLE_PERMISSION(PERMISSION_ID,ROLE_ID) VALUES ('B06','1');
 INSERT INTO SM_ROLE_PERMISSION(PERMISSION_ID,ROLE_ID) VALUES ('B0601','1');
 INSERT INTO SM_ROLE_PERMISSION(PERMISSION_ID,ROLE_ID) VALUES ('B0602','1');
 INSERT INTO SM_ROLE_PERMISSION(PERMISSION_ID,ROLE_ID) VALUES ('B0603','1');
 INSERT INTO SM_ROLE_PERMISSION(PERMISSION_ID,ROLE_ID) VALUES ('B0604','1');
 INSERT INTO SM_ROLE_PERMISSION(PERMISSION_ID,ROLE_ID) VALUES ('B07',  '1');
 INSERT INTO SM_ROLE_PERMISSION(PERMISSION_ID,ROLE_ID) VALUES ('B0701','1');
 INSERT INTO SM_ROLE_PERMISSION(PERMISSION_ID,ROLE_ID) VALUES ('B0702','1');
 INSERT INTO SM_ROLE_PERMISSION(PERMISSION_ID,ROLE_ID) VALUES ('B0703','1');
 INSERT INTO SM_ROLE_PERMISSION(PERMISSION_ID,ROLE_ID) VALUES ('B0704','1');
 INSERT INTO SM_ROLE_PERMISSION(PERMISSION_ID,ROLE_ID) VALUES ('B08', '1');
 INSERT INTO SM_ROLE_PERMISSION(PERMISSION_ID,ROLE_ID) VALUES ('B0801','1');
 INSERT INTO SM_ROLE_PERMISSION(PERMISSION_ID,ROLE_ID) VALUES ('B0802','1');
 INSERT INTO SM_ROLE_PERMISSION(PERMISSION_ID,ROLE_ID) VALUES ('B0803','1');
 INSERT INTO SM_ROLE_PERMISSION(PERMISSION_ID,ROLE_ID) VALUES ('B09', '1');
 INSERT INTO SM_ROLE_PERMISSION(PERMISSION_ID,ROLE_ID) VALUES ('B0901', '1');
 INSERT INTO SM_ROLE_PERMISSION(PERMISSION_ID,ROLE_ID) VALUES ('B090101','1');
 INSERT INTO SM_ROLE_PERMISSION(PERMISSION_ID,ROLE_ID) VALUES ('B0902','1');
 INSERT INTO SM_ROLE_PERMISSION(PERMISSION_ID,ROLE_ID) VALUES ('B090201','1');
 INSERT INTO SM_ROLE_PERMISSION(PERMISSION_ID,ROLE_ID) VALUES ('B0904', '1');
 INSERT INTO SM_ROLE_PERMISSION(PERMISSION_ID,ROLE_ID) VALUES ('B090401','1');
 INSERT INTO SM_ROLE_PERMISSION(PERMISSION_ID,ROLE_ID) VALUES ('C', '1');
 INSERT INTO SM_ROLE_PERMISSION(PERMISSION_ID,ROLE_ID) VALUES ('C01','1');
 INSERT INTO SM_ROLE_PERMISSION(PERMISSION_ID,ROLE_ID) VALUES ('C0101', '1');
 INSERT INTO SM_ROLE_PERMISSION(PERMISSION_ID,ROLE_ID) VALUES ('C0102', '1');
 INSERT INTO SM_ROLE_PERMISSION(PERMISSION_ID,ROLE_ID) VALUES ('C0103', '1');
 INSERT INTO SM_ROLE_PERMISSION(PERMISSION_ID,ROLE_ID) VALUES ('C0104', '1');
 INSERT INTO SM_ROLE_PERMISSION(PERMISSION_ID,ROLE_ID) VALUES ('C0105',  '1');
 INSERT INTO SM_ROLE_PERMISSION(PERMISSION_ID,ROLE_ID) VALUES ('C0106', '1');
 INSERT INTO SM_ROLE_PERMISSION(PERMISSION_ID,ROLE_ID) VALUES ('C0107', '1');
 INSERT INTO SM_ROLE_PERMISSION(PERMISSION_ID,ROLE_ID) VALUES ('C010701','1');
 INSERT INTO SM_ROLE_PERMISSION(PERMISSION_ID,ROLE_ID) VALUES ('C010702','1');
 INSERT INTO SM_ROLE_PERMISSION(PERMISSION_ID,ROLE_ID) VALUES ('C0108', '1');
 INSERT INTO SM_ROLE_PERMISSION(PERMISSION_ID,ROLE_ID) VALUES ('C0109','1');
 INSERT INTO SM_ROLE_PERMISSION(PERMISSION_ID,ROLE_ID) VALUES ('C0110','1');
 INSERT INTO SM_ROLE_PERMISSION(PERMISSION_ID,ROLE_ID) VALUES ('C0112','1');
 INSERT INTO SM_ROLE_PERMISSION(PERMISSION_ID,ROLE_ID) VALUES ('C02', '1');
 INSERT INTO SM_ROLE_PERMISSION(PERMISSION_ID,ROLE_ID) VALUES ('C0201', '1');
 INSERT INTO SM_ROLE_PERMISSION(PERMISSION_ID,ROLE_ID) VALUES ('C020101','1');
 INSERT INTO SM_ROLE_PERMISSION(PERMISSION_ID,ROLE_ID) VALUES ('C0202', '1');
 INSERT INTO SM_ROLE_PERMISSION(PERMISSION_ID,ROLE_ID) VALUES ('C0203', '1');
 INSERT INTO SM_ROLE_PERMISSION(PERMISSION_ID,ROLE_ID) VALUES ('C020301','1');
 INSERT INTO SM_ROLE_PERMISSION(PERMISSION_ID,ROLE_ID) VALUES ('C0204','1');
 INSERT INTO SM_ROLE_PERMISSION(PERMISSION_ID,ROLE_ID) VALUES ('C020401','1');
INSERT INTO SM_ROLE_PERMISSION(PERMISSION_ID,ROLE_ID) VALUES ('D','1');
INSERT INTO SM_ROLE_PERMISSION(PERMISSION_ID,ROLE_ID) VALUES ('D01','1');
INSERT INTO SM_ROLE_PERMISSION(PERMISSION_ID,ROLE_ID) VALUES ('D0101','1');
INSERT INTO SM_ROLE_PERMISSION(PERMISSION_ID,ROLE_ID) VALUES ('D0102','1');
INSERT INTO SM_ROLE_PERMISSION(PERMISSION_ID,ROLE_ID) VALUES ('D0103','1');
INSERT INTO SM_ROLE_PERMISSION(PERMISSION_ID,ROLE_ID) VALUES ('D0104','1');
INSERT INTO SM_ROLE_PERMISSION(PERMISSION_ID,ROLE_ID) VALUES ('D0105','1');
INSERT INTO SM_ROLE_PERMISSION(PERMISSION_ID,ROLE_ID) VALUES ('D0106','1');
INSERT INTO SM_ROLE_PERMISSION(PERMISSION_ID,ROLE_ID) VALUES ('D0107','1');
INSERT INTO SM_ROLE_PERMISSION(PERMISSION_ID,ROLE_ID) VALUES ('D0108','1');
INSERT INTO SM_ROLE_PERMISSION(PERMISSION_ID,ROLE_ID) VALUES ('D02','1');
INSERT INTO SM_ROLE_PERMISSION(PERMISSION_ID,ROLE_ID) VALUES ('D0201','1');
INSERT INTO SM_ROLE_PERMISSION(PERMISSION_ID,ROLE_ID) VALUES ('D0202','1');
INSERT INTO SM_ROLE_PERMISSION(PERMISSION_ID,ROLE_ID) VALUES ('D020201','1');
INSERT INTO SM_ROLE_PERMISSION(PERMISSION_ID,ROLE_ID) VALUES ('D020202','1');
INSERT INTO SM_ROLE_PERMISSION(PERMISSION_ID,ROLE_ID) VALUES ('D020203','1');
INSERT INTO SM_ROLE_PERMISSION(PERMISSION_ID,ROLE_ID) VALUES ('D020204','1');
INSERT INTO SM_ROLE_PERMISSION(PERMISSION_ID,ROLE_ID) VALUES ('D0203','1');
INSERT INTO SM_ROLE_PERMISSION(PERMISSION_ID,ROLE_ID) VALUES ('D0204','1');
INSERT INTO SM_ROLE_PERMISSION(PERMISSION_ID,ROLE_ID) VALUES ('D0205','1');
INSERT INTO SM_ROLE_PERMISSION(PERMISSION_ID,ROLE_ID) VALUES ('D03','1');
INSERT INTO SM_ROLE_PERMISSION(PERMISSION_ID,ROLE_ID) VALUES ('D0301','1');
INSERT INTO SM_ROLE_PERMISSION(PERMISSION_ID,ROLE_ID) VALUES ('D0302','1');
INSERT INTO SM_ROLE_PERMISSION(PERMISSION_ID,ROLE_ID) VALUES ('D0303','1');
INSERT INTO SM_ROLE_PERMISSION(PERMISSION_ID,ROLE_ID) VALUES ('D0304','1');
INSERT INTO SM_ROLE_PERMISSION(PERMISSION_ID,ROLE_ID) VALUES ('D04','1');
INSERT INTO SM_ROLE_PERMISSION(PERMISSION_ID,ROLE_ID) VALUES ('D0401','1');
INSERT INTO SM_ROLE_PERMISSION(PERMISSION_ID,ROLE_ID) VALUES ('D05','1');
INSERT INTO SM_ROLE_PERMISSION(PERMISSION_ID,ROLE_ID) VALUES ('D0501','1');
INSERT INTO SM_ROLE_PERMISSION(PERMISSION_ID,ROLE_ID) VALUES ('D0502','1');
INSERT INTO SM_ROLE_PERMISSION(PERMISSION_ID,ROLE_ID) VALUES ('D0503','1');
INSERT INTO SM_ROLE_PERMISSION(PERMISSION_ID,ROLE_ID) VALUES ('D0504','1');
INSERT INTO SM_ROLE_PERMISSION(PERMISSION_ID,ROLE_ID) VALUES ('D06','1');
INSERT INTO SM_ROLE_PERMISSION(PERMISSION_ID,ROLE_ID) VALUES ('D07','1');

INSERT INTO SM_ROLE_PERMISSION(PERMISSION_ID,ROLE_ID) VALUES ('E','1');
INSERT INTO SM_ROLE_PERMISSION(PERMISSION_ID,ROLE_ID) VALUES ('E01','1');
INSERT INTO SM_ROLE_PERMISSION(PERMISSION_ID,ROLE_ID) VALUES ('E02','1');
INSERT INTO SM_ROLE_PERMISSION(PERMISSION_ID,ROLE_ID) VALUES ('E03','1');
INSERT INTO SM_ROLE_PERMISSION(PERMISSION_ID,ROLE_ID) VALUES ('E04','1');
INSERT INTO SM_ROLE_PERMISSION(PERMISSION_ID,ROLE_ID) VALUES ('E05','1');
INSERT INTO SM_ROLE_PERMISSION(PERMISSION_ID,ROLE_ID) VALUES ('E0501','1');
INSERT INTO SM_ROLE_PERMISSION(PERMISSION_ID,ROLE_ID) VALUES ('E0502','1');
INSERT INTO SM_ROLE_PERMISSION(PERMISSION_ID,ROLE_ID) VALUES ('E0503','1');
INSERT INTO SM_ROLE_PERMISSION(PERMISSION_ID,ROLE_ID) VALUES ('F','1');
INSERT INTO SM_ROLE_PERMISSION(PERMISSION_ID,ROLE_ID) VALUES ('F01','1');
INSERT INTO SM_ROLE_PERMISSION(PERMISSION_ID,ROLE_ID) VALUES ('F0101','1');
INSERT INTO SM_ROLE_PERMISSION(PERMISSION_ID,ROLE_ID) VALUES ('F0102','1');
INSERT INTO SM_ROLE_PERMISSION(PERMISSION_ID,ROLE_ID) VALUES ('F0103','1');
INSERT INTO SM_ROLE_PERMISSION(PERMISSION_ID,ROLE_ID) VALUES ('F0104','1');
INSERT INTO SM_ROLE_PERMISSION(PERMISSION_ID,ROLE_ID) VALUES ('F0105','1');
INSERT INTO SM_ROLE_PERMISSION(PERMISSION_ID,ROLE_ID) VALUES ('F02','1');
INSERT INTO SM_ROLE_PERMISSION(PERMISSION_ID,ROLE_ID) VALUES ('F0201','1');
INSERT INTO SM_ROLE_PERMISSION(PERMISSION_ID,ROLE_ID) VALUES ('F0202','1');
INSERT INTO SM_ROLE_PERMISSION(PERMISSION_ID,ROLE_ID) VALUES ('F0203','1');
INSERT INTO SM_ROLE_PERMISSION(PERMISSION_ID,ROLE_ID) VALUES ('F0204','1');
INSERT INTO SM_ROLE_PERMISSION(PERMISSION_ID,ROLE_ID) VALUES ('F0205','1');
INSERT INTO SM_ROLE_PERMISSION(PERMISSION_ID,ROLE_ID) VALUES ('F0206','1');
INSERT INTO SM_ROLE_PERMISSION(PERMISSION_ID,ROLE_ID) VALUES ('F03','1');
INSERT INTO SM_ROLE_PERMISSION(PERMISSION_ID,ROLE_ID) VALUES ('F0301','1');
INSERT INTO SM_ROLE_PERMISSION(PERMISSION_ID,ROLE_ID) VALUES ('F030101','1');
INSERT INTO SM_ROLE_PERMISSION(PERMISSION_ID,ROLE_ID) VALUES ('F030102','1');
INSERT INTO SM_ROLE_PERMISSION(PERMISSION_ID,ROLE_ID) VALUES ('F030103','1');
INSERT INTO SM_ROLE_PERMISSION(PERMISSION_ID,ROLE_ID) VALUES ('F0302','1');
INSERT INTO SM_ROLE_PERMISSION(PERMISSION_ID,ROLE_ID) VALUES ('F030201','1');
INSERT INTO SM_ROLE_PERMISSION(PERMISSION_ID,ROLE_ID) VALUES ('F030202','1');
INSERT INTO SM_ROLE_PERMISSION(PERMISSION_ID,ROLE_ID) VALUES ('F030203','1');
INSERT INTO SM_ROLE_PERMISSION(PERMISSION_ID,ROLE_ID) VALUES ('F0303','1');
INSERT INTO SM_ROLE_PERMISSION(PERMISSION_ID,ROLE_ID) VALUES ('F030301','1');
INSERT INTO SM_ROLE_PERMISSION(PERMISSION_ID,ROLE_ID) VALUES ('F030302','1');
INSERT INTO SM_ROLE_PERMISSION(PERMISSION_ID,ROLE_ID) VALUES ('F030303','1');
INSERT INTO SM_ROLE_PERMISSION(PERMISSION_ID,ROLE_ID) VALUES ('F0304','1');
INSERT INTO SM_ROLE_PERMISSION(PERMISSION_ID,ROLE_ID) VALUES ('F030401','1');
INSERT INTO SM_ROLE_PERMISSION(PERMISSION_ID,ROLE_ID) VALUES ('F030402','1');
INSERT INTO SM_ROLE_PERMISSION(PERMISSION_ID,ROLE_ID) VALUES ('F030403','1');
INSERT INTO SM_ROLE_PERMISSION(PERMISSION_ID,ROLE_ID) VALUES ('F0305','1');
INSERT INTO SM_ROLE_PERMISSION(PERMISSION_ID,ROLE_ID) VALUES ('F030501','1');
INSERT INTO SM_ROLE_PERMISSION(PERMISSION_ID,ROLE_ID) VALUES ('F030502','1');
INSERT INTO SM_ROLE_PERMISSION(PERMISSION_ID,ROLE_ID) VALUES ('F030503','1');
INSERT INTO SM_ROLE_PERMISSION(PERMISSION_ID,ROLE_ID) VALUES ('F0306','1');
INSERT INTO SM_ROLE_PERMISSION(PERMISSION_ID,ROLE_ID) VALUES ('F030601','1');
INSERT INTO SM_ROLE_PERMISSION(PERMISSION_ID,ROLE_ID) VALUES ('F030602','1');
INSERT INTO SM_ROLE_PERMISSION(PERMISSION_ID,ROLE_ID) VALUES ('F030603','1');

INSERT INTO SM_ROLE_PERMISSION(PERMISSION_ID,ROLE_ID) VALUES ('F04','1');
INSERT INTO SM_ROLE_PERMISSION(PERMISSION_ID,ROLE_ID) VALUES ('F0401','1');
INSERT INTO SM_ROLE_PERMISSION(PERMISSION_ID,ROLE_ID) VALUES ('F0402','1');
INSERT INTO SM_ROLE_PERMISSION(PERMISSION_ID,ROLE_ID) VALUES ('F0403','1');

INSERT INTO SM_ROLE_PERMISSION(PERMISSION_ID,ROLE_ID) VALUES ('Z','1');
INSERT INTO SM_ROLE_PERMISSION(PERMISSION_ID,ROLE_ID) VALUES ('Z01','1');
INSERT INTO SM_ROLE_PERMISSION(PERMISSION_ID,ROLE_ID) VALUES ('Z02','1');
INSERT INTO SM_ROLE_PERMISSION(PERMISSION_ID,ROLE_ID) VALUES ('Z03','1');



INSERT INTO SM_USER(ID,ACCESS_COUNT,CODE,ENABLED,FREEZE_TIME,ACCESS_TIME,LOGIN_FAIL_COUNT,PWD,PERSON_ID,IS_SYSTEM,STATE,USER_TYPE) VALUES ('1', '4', 'admin', '1', null,null, '0', '21232f297a57a5a743894a0e4a801fc3', '1', '0', '1',1);

INSERT INTO SM_USER_ROLE(USER_ROLE_ID,ROLE_ID,USER_ID) VALUES ('1', '1', '1');



INSERT INTO DEV_VENDOR(COUNTRY,HOTLINE1,NAME,STATUS) VALUES('中国深圳','02512345678','怡化',0);

INSERT INTO DEV_TYPE(CASHTYPE,NAME,DEV_CATALOG_ID,DEV_VENDOR_ID) VALUES(0,'CDS6040W',2,1);
INSERT INTO DEV_TYPE(CASHTYPE,NAME,DEV_CATALOG_ID,DEV_VENDOR_ID) VALUES(0,'CDS6040T',2,1);


/*内置的软件分类**/
INSERT INTO VER_VERSION_TYPE(ID,TYPE_NAME,IS_DISPLAY,IS_SYSTEM,CUSTOM_VERSION,REMARK,DEFAULT_INSTALL_PATH,VERSION_CATALOG) VALUES ('1','advert','0','1','0','内置广告类型','C:/yihua/gump/installation','ADVERT');
INSERT INTO VER_VERSION_TYPE(ID,TYPE_NAME,IS_DISPLAY,IS_SYSTEM,CUSTOM_VERSION,REMARK,DEFAULT_INSTALL_PATH,VERSION_CATALOG) VALUES ('2', 'gump-professional','1','1','1','C端应用二代','C:/yihua/gump/installation','APP');



INSERT INTO CASE_FAULT_CLASSIFY(ID, CLASSIFY_NAME,RESPONSOR_TYPE,RESOLVE_HOUR,UPGREAD,NOTIFY_TIMES,NOTIFY_WAY) VALUES('N_AP_STAT','ATMC应用状态变化','ADMIN',0.0,0,1,'SMS');
INSERT INTO CASE_FAULT_CLASSIFY(ID, CLASSIFY_NAME,RESPONSOR_TYPE,RESOLVE_HOUR,UPGREAD,NOTIFY_TIMES,NOTIFY_WAY) VALUES('N_AP_SETUP','系统新安装初始化','ADMIN',0.0,0,1,'SMS');
INSERT INTO CASE_FAULT_CLASSIFY(ID, CLASSIFY_NAME,RESPONSOR_TYPE,RESOLVE_HOUR,UPGREAD,NOTIFY_TIMES,NOTIFY_WAY) VALUES('F_MOD','硬件故障','ADMIN',0.0,0,1,'SMS');
INSERT INTO CASE_FAULT_CLASSIFY(ID, CLASSIFY_NAME,RESPONSOR_TYPE,RESOLVE_HOUR,UPGREAD,NOTIFY_TIMES,NOTIFY_WAY) VALUES('R_CASSET','钞空','ADMIN',0.0,0,1,'SMS');
INSERT INTO CASE_FAULT_CLASSIFY(ID, CLASSIFY_NAME,RESPONSOR_TYPE,RESOLVE_HOUR,UPGREAD,NOTIFY_TIMES,NOTIFY_WAY) VALUES('R_PTR','纸少','ADMIN',0.0,0,1,'SMS');

INSERT INTO CASE_FAULT_CLASSIFY(ID,CLASSIFY_NAME,RESPONSOR_TYPE,RESOLVE_HOUR,UPGREAD,NOTIFY_TIMES,NOTIFY_WAY) VALUES ('R_CIM', '钞满', 'ADMIN', 0.0, 0, 1, 'SMS');
INSERT INTO CASE_FAULT_CLASSIFY(ID,CLASSIFY_NAME,RESPONSOR_TYPE,RESOLVE_HOUR,UPGREAD,NOTIFY_TIMES,NOTIFY_WAY) VALUES ('R_CDM', '钞少', 'ADMIN', 0.0, 0, 1, 'SMS');



INSERT INTO CASE_NOTIFY_MOULD(CLASSIFY_ID,NOTIFY_TYPE,NOTIFY_WAY,NOTIFY_SET) VALUES('N_AP_STAT','CREATE','SMS','请关注{terminalId}{faultClassify}{appStatus},标准化监控发送');
INSERT INTO CASE_NOTIFY_MOULD(CLASSIFY_ID,NOTIFY_TYPE,NOTIFY_WAY,NOTIFY_SET) VALUES('N_AP_SETUP','CREATE','SMS','请关注{terminalId}{faultClassify},标准化监控发送');
INSERT INTO CASE_NOTIFY_MOULD(CLASSIFY_ID,NOTIFY_TYPE,NOTIFY_WAY,NOTIFY_SET) VALUES('F_MOD','CREATE','SMS','请关注{terminalId}{faultClassify}{faultMod},标准化监控发送');
INSERT INTO CASE_NOTIFY_MOULD(CLASSIFY_ID,NOTIFY_TYPE,NOTIFY_WAY,NOTIFY_SET) VALUES('R_CASSET','CREATE','SMS','请关注{terminalId}{faultClassify},标准化监控发送');
INSERT INTO CASE_NOTIFY_MOULD(CLASSIFY_ID,NOTIFY_TYPE,NOTIFY_WAY,NOTIFY_SET) VALUES('R_PTR','CREATE','SMS','请关注{terminalId}{faultClassify}{faultMod},标准化监控发送');

INSERT INTO ATMC_TRANS_TYPE(TRANS_CODE,CODE_DESC,TRANS_SEQ)VALUES('DEP','存款',1);
INSERT INTO ATMC_TRANS_TYPE(TRANS_CODE,CODE_DESC,TRANS_SEQ)VALUES('INQ','查询',2);
INSERT INTO ATMC_TRANS_TYPE(TRANS_CODE,CODE_DESC,TRANS_SEQ)VALUES('PIN','改密',3);
INSERT INTO ATMC_TRANS_TYPE(TRANS_CODE,CODE_DESC,TRANS_SEQ)VALUES('TFR','转账',4);
INSERT INTO ATMC_TRANS_TYPE(TRANS_CODE,CODE_DESC,TRANS_SEQ)VALUES('CWD','取款',5);

