INSERT INTO DEV_CATALOG(ID,NAME,CATALOG_NO) VALUES('1', 'ATM', '01');
INSERT INTO DEV_CATALOG(ID,NAME,CATALOG_NO) VALUES('2', 'CRS', '02');
INSERT INTO DEV_CATALOG(ID,NAME,CATALOG_NO) VALUES('3', 'BSM', '03');

INSERT INTO DEV_MODULE(ID,NAME,MOD_NO,NOTE,IS_CASE) VALUES ('10', 'IDC', '0001', 'Card Reader','1');
INSERT INTO DEV_MODULE(ID,NAME,MOD_NO,NOTE,IS_CASE) VALUES ('20', 'PIN', '0002', 'PIN','1');
INSERT INTO DEV_MODULE(ID,NAME,MOD_NO,NOTE,IS_CASE) VALUES ('30', 'CDM', '0003', 'Dispenser','1');
INSERT INTO DEV_MODULE(ID,NAME,MOD_NO,NOTE,IS_CASE) VALUES ('40', 'CIM', '0004', 'Deposit','1');
INSERT INTO DEV_MODULE(ID,NAME,MOD_NO,NOTE,IS_CASE) VALUES ('50', 'JPR', '0005', 'Journal Printer','1');
INSERT INTO DEV_MODULE(ID,NAME,MOD_NO,NOTE,IS_CASE) VALUES ('60', 'RPR', '0006', 'Receipt Printer','1');
INSERT INTO DEV_MODULE(ID,NAME,MOD_NO,NOTE,IS_CASE) VALUES ('70', 'PBK', '0007', 'Passbook Printer','1');
INSERT INTO DEV_MODULE(ID,NAME,MOD_NO,NOTE,IS_CASE) VALUES ('80', 'TTU', '0008', 'TTU','1');
INSERT INTO DEV_MODULE(ID,NAME,MOD_NO,NOTE,IS_CASE) VALUES ('90', 'SIU', '0009', 'Sensors','1');
INSERT INTO DEV_MODULE(ID,NAME,MOD_NO,NOTE,IS_CASE) VALUES ('100', 'ISC', '0010', 'ID Scanner','1');
INSERT INTO DEV_MODULE(ID,NAME,MOD_NO,NOTE,IS_CASE) VALUES ('110', 'ICC', '0011', 'Card Dispenser','1');
INSERT INTO DEV_MODULE(ID,NAME,MOD_NO,NOTE,IS_CASE) VALUES ('120', 'FGP', '0012', 'Finger Printer','1');
INSERT INTO DEV_MODULE(ID,NAME,MOD_NO,NOTE,IS_CASE) VALUES ('130', 'BCR', '0013', 'Barcode Reader','1');
INSERT INTO DEV_MODULE(ID,NAME,MOD_NO,NOTE,IS_CASE) VALUES ('140', 'CAM', '0014', 'Camera','1');


INSERT INTO SM_PARAM(ID,PARAM_CLASSIFY,DESCIPTION,PARAM_KEY,PARAM_VALUE,PARAM_TYPE) VALUES ('1', '0', 'Monitor service file-saving path', 'fish_home', 'd:\\fish_home','System Config');
INSERT INTO SM_PARAM(ID,PARAM_CLASSIFY,DESCIPTION,PARAM_KEY,PARAM_VALUE,PARAM_TYPE) VALUES ('2', '1', 'Remote service listen port', 'atm_port', '8080','Agent Config');
INSERT INTO SM_PARAM(ID,PARAM_CLASSIFY,DESCIPTION,PARAM_KEY,PARAM_VALUE,PARAM_TYPE) VALUES ('3', '1', 'ATM APP save rule', 'atm_log_file_cfg', 'bizLog_{terminalId}_{YYYY-MM-DD}.zip','Bankup Rules');
INSERT INTO SM_PARAM(ID,PARAM_CLASSIFY,DESCIPTION,PARAM_KEY,PARAM_VALUE,PARAM_TYPE) VALUES ('4', '1', 'ATM APP save path', 'atm_log_doc', 'c:\\yihua\\gump\\log','Bankup Rules');
INSERT INTO SM_PARAM(ID,PARAM_CLASSIFY,DESCIPTION,PARAM_KEY,PARAM_VALUE,PARAM_TYPE) VALUES ('5', '1', 'Get device offline(unit:minute)', 'device_offline', '30','Agent Config');
INSERT INTO SM_PARAM(ID,PARAM_CLASSIFY,DESCIPTION,PARAM_KEY,PARAM_VALUE,PARAM_TYPE) VALUES ('8', '0', 'Sys register_serial', 'register_serial', 'V10520-FEDDJD-A76104-PJFDGK-HEDFEF1150','System Config');
INSERT INTO SM_PARAM(ID,PARAM_CLASSIFY,DESCIPTION,PARAM_KEY,PARAM_VALUE,PARAM_TYPE) VALUES ('9', '1', 'ATM time synchronization switch(ON/OFF)', 'check_time', 'ON','System Config');
INSERT INTO SM_PARAM(ID,PARAM_CLASSIFY,DESCIPTION,PARAM_KEY,PARAM_VALUE,PARAM_TYPE) VALUES ('10', '1', 'Fault Concurrent Number', 'status_handle_count', '30','System Config');
INSERT INTO SM_PARAM(ID,PARAM_CLASSIFY,DESCIPTION,PARAM_KEY,PARAM_VALUE,PARAM_TYPE) VALUES ('11', '1', 'downloadFileCount', 'device_update_count', '30','System Config');


INSERT INTO SM_PERMISSION(PERMISSION_ID,PER_ACTION,CODE,DESCRIPTION,PARENT_ID,IS_BUTTON) VALUES ('0',  null, 'root','Menu',null,'0');
INSERT INTO SM_PERMISSION(PERMISSION_ID,PER_ACTION,CODE,DESCRIPTION,PARENT_ID,IS_BUTTON) VALUES ('A',  null, 'info','System','0','0');
INSERT INTO SM_PERMISSION(PERMISSION_ID,PER_ACTION,CODE,DESCRIPTION,PARENT_ID,IS_BUTTON) VALUES ('A01',  null, 'bankOrg','Banks','A','0');
INSERT INTO SM_PERMISSION(PERMISSION_ID,PER_ACTION,CODE,DESCRIPTION,PARENT_ID,IS_BUTTON) VALUES ('A0101',  null, 'bankOrgQuery','Search','A01','1');
INSERT INTO SM_PERMISSION(PERMISSION_ID,PER_ACTION,CODE,DESCRIPTION,PARENT_ID,IS_BUTTON) VALUES ('A0102',  null, 'bankOrgAdd','Add','A01','1');
INSERT INTO SM_PERMISSION(PERMISSION_ID,PER_ACTION,CODE,DESCRIPTION,PARENT_ID,IS_BUTTON) VALUES ('A0103',  null, 'bankOrgUpdate','Update','A01','1');
INSERT INTO SM_PERMISSION(PERMISSION_ID,PER_ACTION,CODE,DESCRIPTION,PARENT_ID,IS_BUTTON) VALUES ('A0104',  null, 'bankOrgDel','Delete','A01','1');
INSERT INTO SM_PERMISSION(PERMISSION_ID,PER_ACTION,CODE,DESCRIPTION,PARENT_ID,IS_BUTTON) VALUES ('A0105',  null, 'bankOrgAdmin','Manager','A01','1');
INSERT INTO SM_PERMISSION(PERMISSION_ID,PER_ACTION,CODE,DESCRIPTION,PARENT_ID,IS_BUTTON) VALUES ('A0106',  null, 'bankOrgMove','Migrate','A01','1');
INSERT INTO SM_PERMISSION(PERMISSION_ID,PER_ACTION,CODE,DESCRIPTION,PARENT_ID,IS_BUTTON) VALUES ('A02',  null, 'bankPer','Bankers','A','0');
INSERT INTO SM_PERMISSION(PERMISSION_ID,PER_ACTION,CODE,DESCRIPTION,PARENT_ID,IS_BUTTON) VALUES ('A0201',  null, 'bankPerQuery','Search','A02','1');
INSERT INTO SM_PERMISSION(PERMISSION_ID,PER_ACTION,CODE,DESCRIPTION,PARENT_ID,IS_BUTTON) VALUES ('A0202',  null, 'bankPerAdd','Add','A02','1');
INSERT INTO SM_PERMISSION(PERMISSION_ID,PER_ACTION,CODE,DESCRIPTION,PARENT_ID,IS_BUTTON) VALUES ('A0203',  null, 'bankPerUpdate','Update','A02','1');
INSERT INTO SM_PERMISSION(PERMISSION_ID,PER_ACTION,CODE,DESCRIPTION,PARENT_ID,IS_BUTTON) VALUES ('A0204',  null, 'bankPerDel','Delete','A02','1');
INSERT INTO SM_PERMISSION(PERMISSION_ID,PER_ACTION,CODE,DESCRIPTION,PARENT_ID,IS_BUTTON) VALUES ('A0205',  null, 'bankPerlink','Binding Device','A02','1');
INSERT INTO SM_PERMISSION(PERMISSION_ID,PER_ACTION,CODE,DESCRIPTION,PARENT_ID,IS_BUTTON) VALUES ('A03',  null, 'serviceOrg','Maintenance Providers','A','0');
INSERT INTO SM_PERMISSION(PERMISSION_ID,PER_ACTION,CODE,DESCRIPTION,PARENT_ID,IS_BUTTON) VALUES ('A0301',  null, 'serviceOrgQuery','Search','A03','1');
INSERT INTO SM_PERMISSION(PERMISSION_ID,PER_ACTION,CODE,DESCRIPTION,PARENT_ID,IS_BUTTON) VALUES ('A0302',  null, 'serviceOrgAdd','Add','A03','1');
INSERT INTO SM_PERMISSION(PERMISSION_ID,PER_ACTION,CODE,DESCRIPTION,PARENT_ID,IS_BUTTON) VALUES ('A0303',  null, 'serviceOrgUpdate','Update','A03','1');
INSERT INTO SM_PERMISSION(PERMISSION_ID,PER_ACTION,CODE,DESCRIPTION,PARENT_ID,IS_BUTTON) VALUES ('A0304',  null, 'serviceOrgDel','Delete','A03','1');
INSERT INTO SM_PERMISSION(PERMISSION_ID,PER_ACTION,CODE,DESCRIPTION,PARENT_ID,IS_BUTTON) VALUES ('A0305',  null, 'serviceOrgAdmin','Manager','A03','1');
INSERT INTO SM_PERMISSION(PERMISSION_ID,PER_ACTION,CODE,DESCRIPTION,PARENT_ID,IS_BUTTON) VALUES ('A04',  null, 'servicePer','Maintenance Engineers','A','0');
INSERT INTO SM_PERMISSION(PERMISSION_ID,PER_ACTION,CODE,DESCRIPTION,PARENT_ID,IS_BUTTON) VALUES ('A0401',  null, 'servicePerQuery','Search','A04','1');
INSERT INTO SM_PERMISSION(PERMISSION_ID,PER_ACTION,CODE,DESCRIPTION,PARENT_ID,IS_BUTTON) VALUES ('A0402',  null, 'servicePerAdd','Add','A04','1');
INSERT INTO SM_PERMISSION(PERMISSION_ID,PER_ACTION,CODE,DESCRIPTION,PARENT_ID,IS_BUTTON) VALUES ('A0403',  null, 'servicePerUpdate','Update','A04','1');
INSERT INTO SM_PERMISSION(PERMISSION_ID,PER_ACTION,CODE,DESCRIPTION,PARENT_ID,IS_BUTTON) VALUES ('A0404',  null, 'servicePerDel','Delete','A04','1');
INSERT INTO SM_PERMISSION(PERMISSION_ID,PER_ACTION,CODE,DESCRIPTION,PARENT_ID,IS_BUTTON) VALUES ('A0405',  null, 'servicePerlink','Binding Device','A04','1');
INSERT INTO SM_PERMISSION(PERMISSION_ID,PER_ACTION,CODE,DESCRIPTION,PARENT_ID,IS_BUTTON) VALUES ('A05',  null, 'user','Users','A','0');
INSERT INTO SM_PERMISSION(PERMISSION_ID,PER_ACTION,CODE,DESCRIPTION,PARENT_ID,IS_BUTTON) VALUES ('A0501',  null, 'userQuery','Search','A05','1');
INSERT INTO SM_PERMISSION(PERMISSION_ID,PER_ACTION,CODE,DESCRIPTION,PARENT_ID,IS_BUTTON) VALUES ('A0502',  null, 'userAdd','Add','A05','1');
INSERT INTO SM_PERMISSION(PERMISSION_ID,PER_ACTION,CODE,DESCRIPTION,PARENT_ID,IS_BUTTON) VALUES ('A0503',  null, 'userUpdate','Update','A05','1');
INSERT INTO SM_PERMISSION(PERMISSION_ID,PER_ACTION,CODE,DESCRIPTION,PARENT_ID,IS_BUTTON) VALUES ('A0504',  null, 'userDel','Delete','A05','1');


INSERT INTO SM_PERMISSION(PERMISSION_ID,PER_ACTION,CODE,DESCRIPTION,PARENT_ID,IS_BUTTON) VALUES ('A08', null, 'role','Roles','A','0');
INSERT INTO SM_PERMISSION(PERMISSION_ID,PER_ACTION,CODE,DESCRIPTION,PARENT_ID,IS_BUTTON) VALUES ('A0801',  null, 'roleQuery','Search','A08','1');
INSERT INTO SM_PERMISSION(PERMISSION_ID,PER_ACTION,CODE,DESCRIPTION,PARENT_ID,IS_BUTTON) VALUES ('A0802',  null, 'roleAdd','Add','A08','1');
INSERT INTO SM_PERMISSION(PERMISSION_ID,PER_ACTION,CODE,DESCRIPTION,PARENT_ID,IS_BUTTON) VALUES ('A0803',  null, 'roleUpdate','Update','A08','1');
INSERT INTO SM_PERMISSION(PERMISSION_ID,PER_ACTION,CODE,DESCRIPTION,PARENT_ID,IS_BUTTON) VALUES ('A0804',  null, 'roleDel','Delete','A08','1');

INSERT INTO SM_PERMISSION(PERMISSION_ID,PER_ACTION,CODE,DESCRIPTION,PARENT_ID,IS_BUTTON) VALUES ('A09', null, 'configuration','System Settings','A','0');
INSERT INTO SM_PERMISSION(PERMISSION_ID,PER_ACTION,CODE,DESCRIPTION,PARENT_ID,IS_BUTTON) VALUES ('A0901',  null, 'configurationUpdateQuery','Search','A09','1');
INSERT INTO SM_PERMISSION(PERMISSION_ID,PER_ACTION,CODE,DESCRIPTION,PARENT_ID,IS_BUTTON) VALUES ('A0902',  null, 'configurationUpdate','Update','A09','1');

INSERT INTO SM_PERMISSION(PERMISSION_ID,PER_ACTION,CODE,DESCRIPTION,PARENT_ID,IS_BUTTON) VALUES ('B',  null, 'deviceMgr','Devices','0','0');
INSERT INTO SM_PERMISSION(PERMISSION_ID,PER_ACTION,CODE,DESCRIPTION,PARENT_ID,IS_BUTTON) VALUES ('B01', null, 'device','Device Info','B','0');
INSERT INTO SM_PERMISSION(PERMISSION_ID,PER_ACTION,CODE,DESCRIPTION,PARENT_ID,IS_BUTTON) VALUES ('B0101',  null, 'deviceQuery','Search','B01','1');
INSERT INTO SM_PERMISSION(PERMISSION_ID,PER_ACTION,CODE,DESCRIPTION,PARENT_ID,IS_BUTTON) VALUES ('B0102',  null, 'deviceAdd','Add','B01','1');
INSERT INTO SM_PERMISSION(PERMISSION_ID,PER_ACTION,CODE,DESCRIPTION,PARENT_ID,IS_BUTTON) VALUES ('B0103',  null, 'deviceUpdate','Update','B01','1');
INSERT INTO SM_PERMISSION(PERMISSION_ID,PER_ACTION,CODE,DESCRIPTION,PARENT_ID,IS_BUTTON) VALUES ('B0104',  null, 'deviceDel','Delete','B01','1');
INSERT INTO SM_PERMISSION(PERMISSION_ID,PER_ACTION,CODE,DESCRIPTION,PARENT_ID,IS_BUTTON) VALUES ('B0105',  null, 'deviceOpenPlan','Service Plan','B01','1');
INSERT INTO SM_PERMISSION(PERMISSION_ID,PER_ACTION,CODE,DESCRIPTION,PARENT_ID,IS_BUTTON) VALUES ('B0106',  null, 'deviceExport','Export','B01','1');
INSERT INTO SM_PERMISSION(PERMISSION_ID,PER_ACTION,CODE,DESCRIPTION,PARENT_ID,IS_BUTTON) VALUES ('B0107',  null, 'deviceInfo','Service Plan','B01','1');

INSERT INTO SM_PERMISSION(PERMISSION_ID,PER_ACTION,CODE,DESCRIPTION,PARENT_ID,IS_BUTTON) VALUES ('B03', null, 'atmBrand','Device Brand','B','0');
INSERT INTO SM_PERMISSION(PERMISSION_ID,PER_ACTION,CODE,DESCRIPTION,PARENT_ID,IS_BUTTON) VALUES ('B0301',  null, 'atmBrandQuery','Search','B03','1');
INSERT INTO SM_PERMISSION(PERMISSION_ID,PER_ACTION,CODE,DESCRIPTION,PARENT_ID,IS_BUTTON) VALUES ('B0302',  null, 'atmBrandAdd','Add','B03','1');
INSERT INTO SM_PERMISSION(PERMISSION_ID,PER_ACTION,CODE,DESCRIPTION,PARENT_ID,IS_BUTTON) VALUES ('B0303',  null, 'atmBrandUpdate','Update','B03','1');
INSERT INTO SM_PERMISSION(PERMISSION_ID,PER_ACTION,CODE,DESCRIPTION,PARENT_ID,IS_BUTTON) VALUES ('B0304',  null, 'atmBrandDel','Delete','B03','1');
INSERT INTO SM_PERMISSION(PERMISSION_ID,PER_ACTION,CODE,DESCRIPTION,PARENT_ID,IS_BUTTON) VALUES ('B04', null, 'atmType','Device Type','B','0');
INSERT INTO SM_PERMISSION(PERMISSION_ID,PER_ACTION,CODE,DESCRIPTION,PARENT_ID,IS_BUTTON) VALUES ('B0401',  null, 'atmTypeQuery','Search','B04','1');
INSERT INTO SM_PERMISSION(PERMISSION_ID,PER_ACTION,CODE,DESCRIPTION,PARENT_ID,IS_BUTTON) VALUES ('B0402',  null, 'atmTypeAdd','Add','B04','1');
INSERT INTO SM_PERMISSION(PERMISSION_ID,PER_ACTION,CODE,DESCRIPTION,PARENT_ID,IS_BUTTON) VALUES ('B0403',  null, 'atmTypeUpdate','Update','B04','1');
INSERT INTO SM_PERMISSION(PERMISSION_ID,PER_ACTION,CODE,DESCRIPTION,PARENT_ID,IS_BUTTON) VALUES ('B0404',  null, 'atmTypeDel','Delete','B04','1');
INSERT INTO SM_PERMISSION(PERMISSION_ID,PER_ACTION,CODE,DESCRIPTION,PARENT_ID,IS_BUTTON) VALUES ('B05', null, 'atmGroup','Device Group','B','0');
INSERT INTO SM_PERMISSION(PERMISSION_ID,PER_ACTION,CODE,DESCRIPTION,PARENT_ID,IS_BUTTON) VALUES ('B0501',  null, 'atmGroupQuery','Search','B05','1');
INSERT INTO SM_PERMISSION(PERMISSION_ID,PER_ACTION,CODE,DESCRIPTION,PARENT_ID,IS_BUTTON) VALUES ('B0502',  null, 'atmGroupAdd','Add','B05','1');
INSERT INTO SM_PERMISSION(PERMISSION_ID,PER_ACTION,CODE,DESCRIPTION,PARENT_ID,IS_BUTTON) VALUES ('B0503',  null, 'atmGroupUpdate','Update','B05','1');
INSERT INTO SM_PERMISSION(PERMISSION_ID,PER_ACTION,CODE,DESCRIPTION,PARENT_ID,IS_BUTTON) VALUES ('B0504',  null, 'atmGroupDel','Delete','B05','1');
INSERT INTO SM_PERMISSION(PERMISSION_ID,PER_ACTION,CODE,DESCRIPTION,PARENT_ID,IS_BUTTON) VALUES ('B0508',  null, 'showDetail','Detail','B05','1');
INSERT INTO SM_PERMISSION(PERMISSION_ID,PER_ACTION,CODE,DESCRIPTION,PARENT_ID,IS_BUTTON) VALUES ('B0505',  null, 'atmGroupDeviceQuery','Query Device','B05','1');
INSERT INTO SM_PERMISSION(PERMISSION_ID,PER_ACTION,CODE,DESCRIPTION,PARENT_ID,IS_BUTTON) VALUES ('B0506',  null, 'atmGroupDeviceAdd','Add Device','B05','1');
INSERT INTO SM_PERMISSION(PERMISSION_ID,PER_ACTION,CODE,DESCRIPTION,PARENT_ID,IS_BUTTON) VALUES ('B0507',  null, 'atmGroupDeviceDel','Delete Device','B05','1');

INSERT INTO SM_PERMISSION(PERMISSION_ID,PER_ACTION,CODE,DESCRIPTION,PARENT_ID,IS_BUTTON) VALUES ('B06', null, 'device_quittingNotice','Service Stop','B','0');
INSERT INTO SM_PERMISSION(PERMISSION_ID,PER_ACTION,CODE,DESCRIPTION,PARENT_ID,IS_BUTTON) VALUES ('B0601', null, 'quittingNoticeQuery','Search','B06','1');
INSERT INTO SM_PERMISSION(PERMISSION_ID,PER_ACTION,CODE,DESCRIPTION,PARENT_ID,IS_BUTTON) VALUES ('B0602', null, 'quittingNoticeAdd','Add','B06','1');
INSERT INTO SM_PERMISSION(PERMISSION_ID,PER_ACTION,CODE,DESCRIPTION,PARENT_ID,IS_BUTTON) VALUES ('B0603', null, 'quittingNoticeUpdate','Update','B06','1');
INSERT INTO SM_PERMISSION(PERMISSION_ID,PER_ACTION,CODE,DESCRIPTION,PARENT_ID,IS_BUTTON) VALUES ('B0604', null, 'quittingNoticeDel','Delete','B06','1');

INSERT INTO SM_PERMISSION(PERMISSION_ID,PER_ACTION,CODE,DESCRIPTION,PARENT_ID,IS_BUTTON) VALUES ('B07', null, 'servicePlan','Service Plan','B','0');
INSERT INTO SM_PERMISSION(PERMISSION_ID,PER_ACTION,CODE,DESCRIPTION,PARENT_ID,IS_BUTTON) VALUES ('B0701', null, 'planLink','Apply','B07','1');
INSERT INTO SM_PERMISSION(PERMISSION_ID,PER_ACTION,CODE,DESCRIPTION,PARENT_ID,IS_BUTTON) VALUES ('B0702', null, 'planDetail','Detail','B07','1');
INSERT INTO SM_PERMISSION(PERMISSION_ID,PER_ACTION,CODE,DESCRIPTION,PARENT_ID,IS_BUTTON) VALUES ('B0703', null, 'planSeach','Search','B07','1');
INSERT INTO SM_PERMISSION(PERMISSION_ID,PER_ACTION,CODE,DESCRIPTION,PARENT_ID,IS_BUTTON) VALUES ('B0704', null, 'planAdd','Add','B07','1');
INSERT INTO SM_PERMISSION(PERMISSION_ID,PER_ACTION,CODE,DESCRIPTION,PARENT_ID,IS_BUTTON) VALUES ('B0705', null, 'planUpdate','Update','B07','1');
INSERT INTO SM_PERMISSION(PERMISSION_ID,PER_ACTION,CODE,DESCRIPTION,PARENT_ID,IS_BUTTON) VALUES ('B0706', null, 'planDel','Delete','B07','1');

INSERT INTO SM_PERMISSION(PERMISSION_ID,PER_ACTION,CODE,DESCRIPTION,PARENT_ID,IS_BUTTON) VALUES ('B08', null, 'retainCard','Retained Card','B','0');
INSERT INTO SM_PERMISSION(PERMISSION_ID,PER_ACTION,CODE,DESCRIPTION,PARENT_ID,IS_BUTTON) VALUES ('B0801', null, 'cardQuery','Search','B08','1');
INSERT INTO SM_PERMISSION(PERMISSION_ID,PER_ACTION,CODE,DESCRIPTION,PARENT_ID,IS_BUTTON) VALUES ('B0802', null, 'cardAdd','Add','B08','1');
INSERT INTO SM_PERMISSION(PERMISSION_ID,PER_ACTION,CODE,DESCRIPTION,PARENT_ID,IS_BUTTON) VALUES ('B0803', null, 'cardDel','Delete','B08','1');
INSERT INTO SM_PERMISSION(PERMISSION_ID,PER_ACTION,CODE,DESCRIPTION,PARENT_ID,IS_BUTTON) VALUES ('B0804', null, 'cardExport','Export','B08','1');

INSERT INTO SM_PERMISSION(PERMISSION_ID,PER_ACTION,CODE,DESCRIPTION,PARENT_ID,IS_BUTTON) VALUES ('B09', null, 'atmLog','ATMC Logs','B','0');

INSERT INTO SM_PERMISSION(PERMISSION_ID,PER_ACTION,CODE,DESCRIPTION,PARENT_ID,IS_BUTTON) VALUES ('C', null, 'monitor','Monitor','0','0');
INSERT INTO SM_PERMISSION(PERMISSION_ID,PER_ACTION,CODE,DESCRIPTION,PARENT_ID,IS_BUTTON) VALUES ('C02', null, 'monitorSummaryInfo','Status Overview','C','0');
INSERT INTO SM_PERMISSION(PERMISSION_ID,PER_ACTION,CODE,DESCRIPTION,PARENT_ID,IS_BUTTON) VALUES ('C01', null, 'monitor_device','Status Monitor','C','0');
INSERT INTO SM_PERMISSION(PERMISSION_ID,PER_ACTION,CODE,DESCRIPTION,PARENT_ID,IS_BUTTON) VALUES ('C0101', null, 'remoteScreen','Screenshot','C01','1');
INSERT INTO SM_PERMISSION(PERMISSION_ID,PER_ACTION,CODE,DESCRIPTION,PARENT_ID,IS_BUTTON) VALUES ('C0104', null, 'restart','Reboot','C01','1');
INSERT INTO SM_PERMISSION(PERMISSION_ID,PER_ACTION,CODE,DESCRIPTION,PARENT_ID,IS_BUTTON) VALUES ('C0105', null, 'logicOpen','Start Service','C01','1');
INSERT INTO SM_PERMISSION(PERMISSION_ID,PER_ACTION,CODE,DESCRIPTION,PARENT_ID,IS_BUTTON) VALUES ('C0106', null, 'logicClose','Stop Service','C01','1');
INSERT INTO SM_PERMISSION(PERMISSION_ID,PER_ACTION,CODE,DESCRIPTION,PARENT_ID,IS_BUTTON) VALUES ('C0107', null, 'remoteBrowser','File Browser','C01','1');
INSERT INTO SM_PERMISSION(PERMISSION_ID,PER_ACTION,CODE,DESCRIPTION,PARENT_ID,IS_BUTTON) VALUES ('C010701', null, 'remoteUpFile','Upload','C0107','1');
INSERT INTO SM_PERMISSION(PERMISSION_ID,PER_ACTION,CODE,DESCRIPTION,PARENT_ID,IS_BUTTON) VALUES ('C010702', null, 'remoteDownFile','Download','C0107','1');
INSERT INTO SM_PERMISSION(PERMISSION_ID,PER_ACTION,CODE,DESCRIPTION,PARENT_ID,IS_BUTTON) VALUES ('C010703', null, 'remoteMergeDownFile','MergeDownFiles','C0107','1');
INSERT INTO SM_PERMISSION(PERMISSION_ID,PER_ACTION,CODE,DESCRIPTION,PARENT_ID,IS_BUTTON) VALUES ('C0109', null, 'reset','Reset','C01','1');
INSERT INTO SM_PERMISSION(PERMISSION_ID,PER_ACTION,CODE,DESCRIPTION,PARENT_ID,IS_BUTTON) VALUES ('C03', null, 'hits_trans','History Transaction','C','0');

INSERT INTO SM_PERMISSION(PERMISSION_ID,PER_ACTION,CODE,DESCRIPTION,PARENT_ID,IS_BUTTON) VALUES ('C04', null, 'monitor_trans','Real-time Transaction','C','0');
INSERT INTO SM_PERMISSION(PERMISSION_ID,PER_ACTION,CODE,DESCRIPTION,PARENT_ID,IS_BUTTON) VALUES ('C05', null, 'cash_init','Load Cash Info','C','0');
INSERT INTO SM_PERMISSION(PERMISSION_ID,PER_ACTION,CODE,DESCRIPTION,PARENT_ID,IS_BUTTON) VALUES ('C0501', null, 'cashInitQuery','Search','C05','1');
INSERT INTO SM_PERMISSION(PERMISSION_ID,PER_ACTION,CODE,DESCRIPTION,PARENT_ID,IS_BUTTON) VALUES ('C0502', null, 'cashInitInfo','Detail','C05','1');

INSERT INTO SM_PERMISSION(PERMISSION_ID,PER_ACTION,CODE,DESCRIPTION,PARENT_ID,IS_BUTTON) VALUES ('C06', null, 'settlement','Settlement Info','C','0');
INSERT INTO SM_PERMISSION(PERMISSION_ID,PER_ACTION,CODE,DESCRIPTION,PARENT_ID,IS_BUTTON) VALUES ('C0601', null, 'settlementQuery','Search','C06','1');
INSERT INTO SM_PERMISSION(PERMISSION_ID,PER_ACTION,CODE,DESCRIPTION,PARENT_ID,IS_BUTTON) VALUES ('C0602', null, 'settlementDetail','Detail','C06','1');
INSERT INTO SM_PERMISSION(PERMISSION_ID,PER_ACTION,CODE,DESCRIPTION,PARENT_ID,IS_BUTTON) VALUES ('C07', null, 'remoteCommand','Command result','C','0');
INSERT INTO SM_PERMISSION(PERMISSION_ID,PER_ACTION,CODE,DESCRIPTION,PARENT_ID,IS_BUTTON) VALUES ('C0701', null, 'remoteCommandQuery','Search','C07','1');



INSERT INTO SM_PERMISSION(PERMISSION_ID,PER_ACTION,CODE,DESCRIPTION,PARENT_ID,IS_BUTTON) VALUES ('D', null, 'softDistribute','Application','0','0');
INSERT INTO SM_PERMISSION(PERMISSION_ID,PER_ACTION,CODE,DESCRIPTION,PARENT_ID,IS_BUTTON) VALUES ('D01', null, 'version','Patch','D','0');
INSERT INTO SM_PERMISSION(PERMISSION_ID,PER_ACTION,CODE,DESCRIPTION,PARENT_ID,IS_BUTTON) VALUES ('D0101', null, 'versionQuery','Search','D01','1');
INSERT INTO SM_PERMISSION(PERMISSION_ID,PER_ACTION,CODE,DESCRIPTION,PARENT_ID,IS_BUTTON) VALUES ('D0102', null, 'versionExportBtn','Deploy','D01','1');
INSERT INTO SM_PERMISSION(PERMISSION_ID,PER_ACTION,CODE,DESCRIPTION,PARENT_ID,IS_BUTTON) VALUES ('D0103', null, 'versionAdd','Add','D01','1');
INSERT INTO SM_PERMISSION(PERMISSION_ID,PER_ACTION,CODE,DESCRIPTION,PARENT_ID,IS_BUTTON) VALUES ('D0104', null, 'versionUpdate','Update','D01','1');
INSERT INTO SM_PERMISSION(PERMISSION_ID,PER_ACTION,CODE,DESCRIPTION,PARENT_ID,IS_BUTTON) VALUES ('D0105', null, 'versionDel','Delete','D01','1');
INSERT INTO SM_PERMISSION(PERMISSION_ID,PER_ACTION,CODE,DESCRIPTION,PARENT_ID,IS_BUTTON) VALUES ('D02', null, 'advert','Advertisement','D','0');
INSERT INTO SM_PERMISSION(PERMISSION_ID,PER_ACTION,CODE,DESCRIPTION,PARENT_ID,IS_BUTTON) VALUES ('D0201', null, 'advertQuery','Search','D02','1');
INSERT INTO SM_PERMISSION(PERMISSION_ID,PER_ACTION,CODE,DESCRIPTION,PARENT_ID,IS_BUTTON) VALUES ('D0202', null, 'advertCreate','Add','D02','1');
INSERT INTO SM_PERMISSION(PERMISSION_ID,PER_ACTION,CODE,DESCRIPTION,PARENT_ID,IS_BUTTON) VALUES ('D020201', null, 'advertWait','Idle Advert','D0202','1');
INSERT INTO SM_PERMISSION(PERMISSION_ID,PER_ACTION,CODE,DESCRIPTION,PARENT_ID,IS_BUTTON) VALUES ('D020203', null, 'advertText','Text Advert','D0202','1');
INSERT INTO SM_PERMISSION(PERMISSION_ID,PER_ACTION,CODE,DESCRIPTION,PARENT_ID,IS_BUTTON) VALUES ('D0203', null, 'advertDownAdvert','Deploy','D02','1');
INSERT INTO SM_PERMISSION(PERMISSION_ID,PER_ACTION,CODE,DESCRIPTION,PARENT_ID,IS_BUTTON) VALUES ('D0204', null, 'advertPreview','Preview','D02','1');
INSERT INTO SM_PERMISSION(PERMISSION_ID,PER_ACTION,CODE,DESCRIPTION,PARENT_ID,IS_BUTTON) VALUES ('D0205', null, 'advertDel','Delete','D02','1');
INSERT INTO SM_PERMISSION(PERMISSION_ID,PER_ACTION,CODE,DESCRIPTION,PARENT_ID,IS_BUTTON) VALUES ('D03', null, 'versionMonitor','Deployment Monitor','D','0');
INSERT INTO SM_PERMISSION(PERMISSION_ID,PER_ACTION,CODE,DESCRIPTION,PARENT_ID,IS_BUTTON) VALUES ('D0301', null, 'versionMonitorQuery','Search','D03','1');
INSERT INTO SM_PERMISSION(PERMISSION_ID,PER_ACTION,CODE,DESCRIPTION,PARENT_ID,IS_BUTTON) VALUES ('D0302', null, 'versionMonitorDel','Revert','D03','1');
INSERT INTO SM_PERMISSION(PERMISSION_ID,PER_ACTION,CODE,DESCRIPTION,PARENT_ID,IS_BUTTON) VALUES ('D0303', null, 'exportJobToExcel','Export','D03','1');
INSERT INTO SM_PERMISSION(PERMISSION_ID,PER_ACTION,CODE,DESCRIPTION,PARENT_ID,IS_BUTTON) VALUES ('D0304', null, 'resetStatus','Reset Task','D03','1');
INSERT INTO SM_PERMISSION(PERMISSION_ID,PER_ACTION,CODE,DESCRIPTION,PARENT_ID,IS_BUTTON) VALUES ('D0305', null, 'cancelBatch','Batch Cancel','D03','1');
INSERT INTO SM_PERMISSION(PERMISSION_ID,PER_ACTION,CODE,DESCRIPTION,PARENT_ID,IS_BUTTON) VALUES ('D04', null, 'deviceVersion','Patches of Device','D','0');
INSERT INTO SM_PERMISSION(PERMISSION_ID,PER_ACTION,CODE,DESCRIPTION,PARENT_ID,IS_BUTTON) VALUES ('D0401', null, 'deviceVersionQuery','Search','D04','1');
INSERT INTO SM_PERMISSION(PERMISSION_ID,PER_ACTION,CODE,DESCRIPTION,PARENT_ID,IS_BUTTON) VALUES ('D0402', null, 'deviceVersionHisInfo','View device history version','D04','1');
INSERT INTO SM_PERMISSION(PERMISSION_ID,PER_ACTION,CODE,DESCRIPTION,PARENT_ID,IS_BUTTON) VALUES ('D05', null, 'versionType','Application Type','D','0');
INSERT INTO SM_PERMISSION(PERMISSION_ID,PER_ACTION,CODE,DESCRIPTION,PARENT_ID,IS_BUTTON) VALUES ('D0501', null, 'versionTypeQuery','Search','D05','1');
INSERT INTO SM_PERMISSION(PERMISSION_ID,PER_ACTION,CODE,DESCRIPTION,PARENT_ID,IS_BUTTON) VALUES ('D0502', null, 'versionTypeAdd','Add','D05','1');
INSERT INTO SM_PERMISSION(PERMISSION_ID,PER_ACTION,CODE,DESCRIPTION,PARENT_ID,IS_BUTTON) VALUES ('D0503', null, 'versionTypeDel','Delete','D05','1');
INSERT INTO SM_PERMISSION(PERMISSION_ID,PER_ACTION,CODE,DESCRIPTION,PARENT_ID,IS_BUTTON) VALUES ('D0504', null, 'versionTypeUpdate','Update','D05','1');
INSERT INTO SM_PERMISSION(PERMISSION_ID,PER_ACTION,CODE,DESCRIPTION,PARENT_ID,IS_BUTTON) VALUES ('D06', null, 'versionDistribute','Patch Distribution','D','0');



INSERT INTO SM_PERMISSION(PERMISSION_ID,PER_ACTION,CODE,DESCRIPTION,PARENT_ID,IS_BUTTON) VALUES ('E', null, 'case','Faults','0','0');
INSERT INTO SM_PERMISSION(PERMISSION_ID,PER_ACTION,CODE,DESCRIPTION,PARENT_ID,IS_BUTTON) VALUES ('E01', null, 'notifyMould','SMS Config','E','0');
INSERT INTO SM_PERMISSION(PERMISSION_ID,PER_ACTION,CODE,DESCRIPTION,PARENT_ID,IS_BUTTON) VALUES ('E02', null, 'casenotify','SMS Info','E','0');
INSERT INTO SM_PERMISSION(PERMISSION_ID,PER_ACTION,CODE,DESCRIPTION,PARENT_ID,IS_BUTTON) VALUES ('E03', null, 'faultConfig','Fault Type','E','0');
INSERT INTO SM_PERMISSION(PERMISSION_ID,PER_ACTION,CODE,DESCRIPTION,PARENT_ID,IS_BUTTON) VALUES ('E04', null, 'casefault','Fault Info','E','0');
INSERT INTO SM_PERMISSION(PERMISSION_ID,PER_ACTION,CODE,DESCRIPTION,PARENT_ID,IS_BUTTON) VALUES ('E0401', null, 'casefaultExport','Export','E04','1');
INSERT INTO SM_PERMISSION(PERMISSION_ID,PER_ACTION,CODE,DESCRIPTION,PARENT_ID,IS_BUTTON) VALUES ('E05', null, 'vendorCode','Fault Code','E','0');
INSERT INTO SM_PERMISSION(PERMISSION_ID,PER_ACTION,CODE,DESCRIPTION,PARENT_ID,IS_BUTTON) VALUES ('E0501', null, 'vendorCodeQuery','Search','E05','1');

INSERT INTO SM_PERMISSION(PERMISSION_ID,PER_ACTION,CODE,DESCRIPTION,PARENT_ID,IS_BUTTON) VALUES ('E0502', null, 'vendorCodeImport','Batch Import','E05','1');
INSERT INTO SM_PERMISSION(PERMISSION_ID,PER_ACTION,CODE,DESCRIPTION,PARENT_ID,IS_BUTTON) VALUES ('E0503', null, 'vendorCodeDelete','Batch Delete','E05','1');
INSERT INTO SM_PERMISSION(PERMISSION_ID,PER_ACTION,CODE,DESCRIPTION,PARENT_ID,IS_BUTTON) VALUES ('E0504', null, 'vendorCodeDownLoad','Example download','E05','1');

INSERT INTO SM_PERMISSION(PERMISSION_ID,PER_ACTION,CODE,DESCRIPTION,PARENT_ID,IS_BUTTON) VALUES ('F', null, 'report','Reports','0','0');
INSERT INTO SM_PERMISSION(PERMISSION_ID,PER_ACTION,CODE,DESCRIPTION,PARENT_ID,IS_BUTTON) VALUES ('F00', null, 'reportVendor','Device Brand Statistics','F','0');
INSERT INTO SM_PERMISSION(PERMISSION_ID,PER_ACTION,CODE,DESCRIPTION,PARENT_ID,IS_BUTTON) VALUES ('F10', null, 'reportRetainCardCount','Retained Card Statistics','F','0');
INSERT INTO SM_PERMISSION(PERMISSION_ID,PER_ACTION,CODE,DESCRIPTION,PARENT_ID,IS_BUTTON) VALUES ('F20', null, 'reportTransactionCount','Transaction Statistics','F','0');
INSERT INTO SM_PERMISSION(PERMISSION_ID,PER_ACTION,CODE,DESCRIPTION,PARENT_ID,IS_BUTTON) VALUES ('F30', null, 'reportTransactionResult','Transaction Result Statistics','F','0');
INSERT INTO SM_PERMISSION(PERMISSION_ID,PER_ACTION,CODE,DESCRIPTION,PARENT_ID,IS_BUTTON) VALUES ('F60', null, 'reportDayTrans','Daily Transaction Statistics','F','0');
INSERT INTO SM_PERMISSION(PERMISSION_ID,PER_ACTION,CODE,DESCRIPTION,PARENT_ID,IS_BUTTON) VALUES ('F70', null, 'reportDayHourTrans','Hourly Transaction Statistics','F','0');
INSERT INTO SM_PERMISSION(PERMISSION_ID,PER_ACTION,CODE,DESCRIPTION,PARENT_ID,IS_BUTTON) VALUES ('F80', null, 'caseTrendReport','Fault Trend Chart','F','0');
INSERT INTO SM_PERMISSION(PERMISSION_ID,PER_ACTION,CODE,DESCRIPTION,PARENT_ID,IS_BUTTON) VALUES ('F90', null, 'caseStatisticsReport','Fault Statistics Chart','F','0');
INSERT INTO SM_PERMISSION(PERMISSION_ID,PER_ACTION,CODE,DESCRIPTION,PARENT_ID,IS_BUTTON) VALUES ('F95', null, 'deviceOpenRate','Device Open Rate','F','0');
INSERT INTO SM_PERMISSION(PERMISSION_ID,PER_ACTION,CODE,DESCRIPTION,PARENT_ID,IS_BUTTON) VALUES ('F96', null, 'typeOpenRate','Device Type Open Rate','F','0');
INSERT INTO SM_PERMISSION(PERMISSION_ID,PER_ACTION,CODE,DESCRIPTION,PARENT_ID,IS_BUTTON) VALUES ('F97', null, 'orgOpenRate','Banks Open Rate','F','0');

INSERT INTO SM_ORG(ID,ADDRESS,CODE,DESCRIPTION,NAME,ORG_FLAG,STATE,ORG_TYPE,PERSON_ID,ZIP,PARENT_ID,IS_LEAF) VALUES ('1', null, 'root', null, 'All', '1-', null, null, '0', null, null,'0');
INSERT INTO SM_ORG(CODE,NAME,ORG_FLAG,STATE,ORG_TYPE,PERSON_ID,PARENT_ID,IS_LEAF) VALUES('YIHUA','Shenzhen YiHua','1-2-',1,1,0,1,'1');
INSERT INTO SM_PERSON_JOB(ID,CODE,NAME,REMARK) VALUES('1', '0001', 'CEO','');
INSERT INTO SM_PERSON_JOB(ID,CODE,NAME,REMARK) VALUES('2', '0002', 'Manager','');
INSERT INTO SM_PERSON_JOB(ID,CODE,NAME,REMARK) VALUES('3', '0003', 'Employee','');

INSERT INTO SM_PERSON(ID,BIRTHDAY,CODE,EMAIL,GENDER,MOBILE,NAME,PHONE,PERSON_TYPE,ORGANIZATION_ID,PERSONJOB) VALUES ('1', '2012-04-13', 'Super', '', '0', '15855772942', 'admin', '1859999', null, '1', '1');

INSERT INTO SM_ROLE(PM_ROLE_ID,RELATION,NOTE,INHERIT,NAME,IS_SYSTEM,ROLE_TYPE) VALUES ('1', '', 'Default Super Role', '', 'Super Role', 1, '0');

 INSERT INTO SM_ROLE_PERMISSION(PERMISSION_ID,ROLE_ID) VALUES ('0','1');
 INSERT INTO SM_ROLE_PERMISSION(PERMISSION_ID,ROLE_ID) VALUES ('A','1');
 INSERT INTO SM_ROLE_PERMISSION(PERMISSION_ID,ROLE_ID) VALUES ('A01','1');
 INSERT INTO SM_ROLE_PERMISSION(PERMISSION_ID,ROLE_ID) VALUES ('A0101','1');
 INSERT INTO SM_ROLE_PERMISSION(PERMISSION_ID,ROLE_ID) VALUES ('A0102','1');
 INSERT INTO SM_ROLE_PERMISSION(PERMISSION_ID,ROLE_ID) VALUES ('A0103','1');
 INSERT INTO SM_ROLE_PERMISSION(PERMISSION_ID,ROLE_ID) VALUES ('A0104','1');
 INSERT INTO SM_ROLE_PERMISSION(PERMISSION_ID,ROLE_ID) VALUES ('A0105','1');
 INSERT INTO SM_ROLE_PERMISSION(PERMISSION_ID,ROLE_ID) VALUES ('A0106','1');
 INSERT INTO SM_ROLE_PERMISSION(PERMISSION_ID,ROLE_ID) VALUES ('A02','1');
 INSERT INTO SM_ROLE_PERMISSION(PERMISSION_ID,ROLE_ID) VALUES ('A0201','1');
 INSERT INTO SM_ROLE_PERMISSION(PERMISSION_ID,ROLE_ID) VALUES ('A0202','1');
 INSERT INTO SM_ROLE_PERMISSION(PERMISSION_ID,ROLE_ID) VALUES ('A0203','1');
 INSERT INTO SM_ROLE_PERMISSION(PERMISSION_ID,ROLE_ID) VALUES ('A0204','1');
 INSERT INTO SM_ROLE_PERMISSION(PERMISSION_ID,ROLE_ID) VALUES ('A0205','1');
 INSERT INTO SM_ROLE_PERMISSION(PERMISSION_ID,ROLE_ID) VALUES ('A03','1');
 INSERT INTO SM_ROLE_PERMISSION(PERMISSION_ID,ROLE_ID) VALUES ('A0301','1');
 INSERT INTO SM_ROLE_PERMISSION(PERMISSION_ID,ROLE_ID) VALUES ('A0302','1');
 INSERT INTO SM_ROLE_PERMISSION(PERMISSION_ID,ROLE_ID) VALUES ('A0303','1');
 INSERT INTO SM_ROLE_PERMISSION(PERMISSION_ID,ROLE_ID) VALUES ('A0304','1');
 INSERT INTO SM_ROLE_PERMISSION(PERMISSION_ID,ROLE_ID) VALUES ('A0305','1');
 INSERT INTO SM_ROLE_PERMISSION(PERMISSION_ID,ROLE_ID) VALUES ('A04','1');
 INSERT INTO SM_ROLE_PERMISSION(PERMISSION_ID,ROLE_ID) VALUES ('A0401','1');
 INSERT INTO SM_ROLE_PERMISSION(PERMISSION_ID,ROLE_ID) VALUES ('A0402','1');
 INSERT INTO SM_ROLE_PERMISSION(PERMISSION_ID,ROLE_ID) VALUES ('A0403','1');
 INSERT INTO SM_ROLE_PERMISSION(PERMISSION_ID,ROLE_ID) VALUES ('A0404','1');
 INSERT INTO SM_ROLE_PERMISSION(PERMISSION_ID,ROLE_ID) VALUES ('A0405','1');
 INSERT INTO SM_ROLE_PERMISSION(PERMISSION_ID,ROLE_ID) VALUES ('A05','1');
 INSERT INTO SM_ROLE_PERMISSION(PERMISSION_ID,ROLE_ID) VALUES ('A0501','1');
 INSERT INTO SM_ROLE_PERMISSION(PERMISSION_ID,ROLE_ID) VALUES ('A0502','1');
 INSERT INTO SM_ROLE_PERMISSION(PERMISSION_ID,ROLE_ID) VALUES ('A0503','1');
 INSERT INTO SM_ROLE_PERMISSION(PERMISSION_ID,ROLE_ID) VALUES ('A0504','1');
 INSERT INTO SM_ROLE_PERMISSION(PERMISSION_ID,ROLE_ID) VALUES ('A08','1');
 INSERT INTO SM_ROLE_PERMISSION(PERMISSION_ID,ROLE_ID) VALUES ('A0801','1');
 INSERT INTO SM_ROLE_PERMISSION(PERMISSION_ID,ROLE_ID) VALUES ('A0802','1');
 INSERT INTO SM_ROLE_PERMISSION(PERMISSION_ID,ROLE_ID) VALUES ('A0803','1');
 INSERT INTO SM_ROLE_PERMISSION(PERMISSION_ID,ROLE_ID) VALUES ('A0804','1');
 INSERT INTO SM_ROLE_PERMISSION(PERMISSION_ID,ROLE_ID) VALUES ('A09','1');
 INSERT INTO SM_ROLE_PERMISSION(PERMISSION_ID,ROLE_ID) VALUES ('A0901','1');
 INSERT INTO SM_ROLE_PERMISSION(PERMISSION_ID,ROLE_ID) VALUES ('A0902','1');
 INSERT INTO SM_ROLE_PERMISSION(PERMISSION_ID,ROLE_ID) VALUES ('B','1');
 INSERT INTO SM_ROLE_PERMISSION(PERMISSION_ID,ROLE_ID) VALUES ('B01','1');
 INSERT INTO SM_ROLE_PERMISSION(PERMISSION_ID,ROLE_ID) VALUES ('B0101','1');
 INSERT INTO SM_ROLE_PERMISSION(PERMISSION_ID,ROLE_ID) VALUES ('B0102','1');
 INSERT INTO SM_ROLE_PERMISSION(PERMISSION_ID,ROLE_ID) VALUES ('B0103','1');
 INSERT INTO SM_ROLE_PERMISSION(PERMISSION_ID,ROLE_ID) VALUES ('B0104','1');
 INSERT INTO SM_ROLE_PERMISSION(PERMISSION_ID,ROLE_ID) VALUES ('B0105','1');
 INSERT INTO SM_ROLE_PERMISSION(PERMISSION_ID,ROLE_ID) VALUES ('B0106','1');
 INSERT INTO SM_ROLE_PERMISSION(PERMISSION_ID,ROLE_ID) VALUES ('B0107','1');
 INSERT INTO SM_ROLE_PERMISSION(PERMISSION_ID,ROLE_ID) VALUES ('B03','1');
 INSERT INTO SM_ROLE_PERMISSION(PERMISSION_ID,ROLE_ID) VALUES ('B0301','1');
 INSERT INTO SM_ROLE_PERMISSION(PERMISSION_ID,ROLE_ID) VALUES ('B0302','1');
 INSERT INTO SM_ROLE_PERMISSION(PERMISSION_ID,ROLE_ID) VALUES ('B0303','1');
 INSERT INTO SM_ROLE_PERMISSION(PERMISSION_ID,ROLE_ID) VALUES ('B0304','1');
 INSERT INTO SM_ROLE_PERMISSION(PERMISSION_ID,ROLE_ID) VALUES ('B04','1');
 INSERT INTO SM_ROLE_PERMISSION(PERMISSION_ID,ROLE_ID) VALUES ('B0401','1');
 INSERT INTO SM_ROLE_PERMISSION(PERMISSION_ID,ROLE_ID) VALUES ('B0402','1');
 INSERT INTO SM_ROLE_PERMISSION(PERMISSION_ID,ROLE_ID) VALUES ('B0403','1');
 INSERT INTO SM_ROLE_PERMISSION(PERMISSION_ID,ROLE_ID) VALUES ('B0404','1');
 INSERT INTO SM_ROLE_PERMISSION(PERMISSION_ID,ROLE_ID) VALUES ('B05','1');
 INSERT INTO SM_ROLE_PERMISSION(PERMISSION_ID,ROLE_ID) VALUES ('B0501','1');
 INSERT INTO SM_ROLE_PERMISSION(PERMISSION_ID,ROLE_ID) VALUES ('B0502','1');
 INSERT INTO SM_ROLE_PERMISSION(PERMISSION_ID,ROLE_ID) VALUES ('B0503','1');
 INSERT INTO SM_ROLE_PERMISSION(PERMISSION_ID,ROLE_ID) VALUES ('B0504','1');
 INSERT INTO SM_ROLE_PERMISSION(PERMISSION_ID,ROLE_ID) VALUES ('B0505','1');
 INSERT INTO SM_ROLE_PERMISSION(PERMISSION_ID,ROLE_ID) VALUES ('B0506','1');
 INSERT INTO SM_ROLE_PERMISSION(PERMISSION_ID,ROLE_ID) VALUES ('B0507','1');
 INSERT INTO SM_ROLE_PERMISSION(PERMISSION_ID,ROLE_ID) VALUES ('B0508','1');
 INSERT INTO SM_ROLE_PERMISSION(PERMISSION_ID,ROLE_ID) VALUES ('B06','1');
 INSERT INTO SM_ROLE_PERMISSION(PERMISSION_ID,ROLE_ID) VALUES ('B0601','1');
 INSERT INTO SM_ROLE_PERMISSION(PERMISSION_ID,ROLE_ID) VALUES ('B0602','1');
 INSERT INTO SM_ROLE_PERMISSION(PERMISSION_ID,ROLE_ID) VALUES ('B0603','1');
 INSERT INTO SM_ROLE_PERMISSION(PERMISSION_ID,ROLE_ID) VALUES ('B0604','1');
 INSERT INTO SM_ROLE_PERMISSION(PERMISSION_ID,ROLE_ID) VALUES ('B08', '1');
 INSERT INTO SM_ROLE_PERMISSION(PERMISSION_ID,ROLE_ID) VALUES ('B0801','1');
 INSERT INTO SM_ROLE_PERMISSION(PERMISSION_ID,ROLE_ID) VALUES ('B0802','1');
 INSERT INTO SM_ROLE_PERMISSION(PERMISSION_ID,ROLE_ID) VALUES ('B0803','1');
  INSERT INTO SM_ROLE_PERMISSION(PERMISSION_ID,ROLE_ID) VALUES ('B0804','1');
 INSERT INTO SM_ROLE_PERMISSION(PERMISSION_ID,ROLE_ID) VALUES ('B09', '1');
 INSERT INTO SM_ROLE_PERMISSION(PERMISSION_ID,ROLE_ID) VALUES ('B07','1');
INSERT INTO SM_ROLE_PERMISSION(PERMISSION_ID,ROLE_ID) VALUES ('B0701','1');
INSERT INTO SM_ROLE_PERMISSION(PERMISSION_ID,ROLE_ID) VALUES ('B0702','1');
INSERT INTO SM_ROLE_PERMISSION(PERMISSION_ID,ROLE_ID) VALUES ('B0703','1');
INSERT INTO SM_ROLE_PERMISSION(PERMISSION_ID,ROLE_ID) VALUES ('B0704','1');
INSERT INTO SM_ROLE_PERMISSION(PERMISSION_ID,ROLE_ID) VALUES ('B0705','1');
INSERT INTO SM_ROLE_PERMISSION(PERMISSION_ID,ROLE_ID) VALUES ('B0706','1');
 INSERT INTO SM_ROLE_PERMISSION(PERMISSION_ID,ROLE_ID) VALUES ('C', '1');
 INSERT INTO SM_ROLE_PERMISSION(PERMISSION_ID,ROLE_ID) VALUES ('C01','1');
 INSERT INTO SM_ROLE_PERMISSION(PERMISSION_ID,ROLE_ID) VALUES ('C0101', '1');
 

 INSERT INTO SM_ROLE_PERMISSION(PERMISSION_ID,ROLE_ID) VALUES ('C0104', '1');
 INSERT INTO SM_ROLE_PERMISSION(PERMISSION_ID,ROLE_ID) VALUES ('C0105',  '1');
 INSERT INTO SM_ROLE_PERMISSION(PERMISSION_ID,ROLE_ID) VALUES ('C0106', '1');
 INSERT INTO SM_ROLE_PERMISSION(PERMISSION_ID,ROLE_ID) VALUES ('C0107', '1');
 INSERT INTO SM_ROLE_PERMISSION(PERMISSION_ID,ROLE_ID) VALUES ('C010701','1');
 INSERT INTO SM_ROLE_PERMISSION(PERMISSION_ID,ROLE_ID) VALUES ('C010702','1');
  INSERT INTO SM_ROLE_PERMISSION(PERMISSION_ID,ROLE_ID) VALUES ('C010703','1');
 INSERT INTO SM_ROLE_PERMISSION(PERMISSION_ID,ROLE_ID) VALUES ('C0109','1');
 INSERT INTO SM_ROLE_PERMISSION(PERMISSION_ID,ROLE_ID) VALUES ('C02', '1');
 INSERT INTO SM_ROLE_PERMISSION(PERMISSION_ID,ROLE_ID) VALUES ('C03', '1');
 INSERT INTO SM_ROLE_PERMISSION(PERMISSION_ID,ROLE_ID) VALUES ('C04','1');
 INSERT INTO SM_ROLE_PERMISSION(PERMISSION_ID,ROLE_ID) VALUES ('C05', '1');
 INSERT INTO SM_ROLE_PERMISSION(PERMISSION_ID,ROLE_ID) VALUES ('C0501', '1');
  INSERT INTO SM_ROLE_PERMISSION(PERMISSION_ID,ROLE_ID) VALUES ('C0502', '1');
 INSERT INTO SM_ROLE_PERMISSION(PERMISSION_ID,ROLE_ID) VALUES ('C06','1');
 INSERT INTO SM_ROLE_PERMISSION(PERMISSION_ID,ROLE_ID) VALUES ('C0601','1');
 INSERT INTO SM_ROLE_PERMISSION(PERMISSION_ID,ROLE_ID) VALUES ('C0602','1');
 INSERT INTO SM_ROLE_PERMISSION(PERMISSION_ID,ROLE_ID) VALUES ('C07','1');
 INSERT INTO SM_ROLE_PERMISSION(PERMISSION_ID,ROLE_ID) VALUES ('C0701','1');
INSERT INTO SM_ROLE_PERMISSION(PERMISSION_ID,ROLE_ID) VALUES ('D','1');
INSERT INTO SM_ROLE_PERMISSION(PERMISSION_ID,ROLE_ID) VALUES ('D01','1');
INSERT INTO SM_ROLE_PERMISSION(PERMISSION_ID,ROLE_ID) VALUES ('D0101','1');
INSERT INTO SM_ROLE_PERMISSION(PERMISSION_ID,ROLE_ID) VALUES ('D0102','1');
INSERT INTO SM_ROLE_PERMISSION(PERMISSION_ID,ROLE_ID) VALUES ('D0103','1');
INSERT INTO SM_ROLE_PERMISSION(PERMISSION_ID,ROLE_ID) VALUES ('D0104','1');
INSERT INTO SM_ROLE_PERMISSION(PERMISSION_ID,ROLE_ID) VALUES ('D0105','1');
INSERT INTO SM_ROLE_PERMISSION(PERMISSION_ID,ROLE_ID) VALUES ('D0106','1');
INSERT INTO SM_ROLE_PERMISSION(PERMISSION_ID,ROLE_ID) VALUES ('D0107','1');
INSERT INTO SM_ROLE_PERMISSION(PERMISSION_ID,ROLE_ID) VALUES ('D0108','1');
INSERT INTO SM_ROLE_PERMISSION(PERMISSION_ID,ROLE_ID) VALUES ('D02','1');
INSERT INTO SM_ROLE_PERMISSION(PERMISSION_ID,ROLE_ID) VALUES ('D0201','1');
INSERT INTO SM_ROLE_PERMISSION(PERMISSION_ID,ROLE_ID) VALUES ('D0202','1');
INSERT INTO SM_ROLE_PERMISSION(PERMISSION_ID,ROLE_ID) VALUES ('D020201','1');
INSERT INTO SM_ROLE_PERMISSION(PERMISSION_ID,ROLE_ID) VALUES ('D020202','1');
INSERT INTO SM_ROLE_PERMISSION(PERMISSION_ID,ROLE_ID) VALUES ('D020203','1');
INSERT INTO SM_ROLE_PERMISSION(PERMISSION_ID,ROLE_ID) VALUES ('D020204','1');
INSERT INTO SM_ROLE_PERMISSION(PERMISSION_ID,ROLE_ID) VALUES ('D0203','1');
INSERT INTO SM_ROLE_PERMISSION(PERMISSION_ID,ROLE_ID) VALUES ('D0204','1');
INSERT INTO SM_ROLE_PERMISSION(PERMISSION_ID,ROLE_ID) VALUES ('D0205','1');
INSERT INTO SM_ROLE_PERMISSION(PERMISSION_ID,ROLE_ID) VALUES ('D03','1');
INSERT INTO SM_ROLE_PERMISSION(PERMISSION_ID,ROLE_ID) VALUES ('D0301','1');
INSERT INTO SM_ROLE_PERMISSION(PERMISSION_ID,ROLE_ID) VALUES ('D0302','1');
INSERT INTO SM_ROLE_PERMISSION(PERMISSION_ID,ROLE_ID) VALUES ('D0303','1');
INSERT INTO SM_ROLE_PERMISSION(PERMISSION_ID,ROLE_ID) VALUES ('D0304','1');
INSERT INTO SM_ROLE_PERMISSION(PERMISSION_ID,ROLE_ID) VALUES ('D0305','1');
INSERT INTO SM_ROLE_PERMISSION(PERMISSION_ID,ROLE_ID) VALUES ('D04','1');
INSERT INTO SM_ROLE_PERMISSION(PERMISSION_ID,ROLE_ID) VALUES ('D0401','1');
INSERT INTO SM_ROLE_PERMISSION(PERMISSION_ID,ROLE_ID) VALUES ('D0402','1');
INSERT INTO SM_ROLE_PERMISSION(PERMISSION_ID,ROLE_ID) VALUES ('D05','1');
INSERT INTO SM_ROLE_PERMISSION(PERMISSION_ID,ROLE_ID) VALUES ('D0501','1');
INSERT INTO SM_ROLE_PERMISSION(PERMISSION_ID,ROLE_ID) VALUES ('D0502','1');
INSERT INTO SM_ROLE_PERMISSION(PERMISSION_ID,ROLE_ID) VALUES ('D0503','1');
INSERT INTO SM_ROLE_PERMISSION(PERMISSION_ID,ROLE_ID) VALUES ('D0504','1');
INSERT INTO SM_ROLE_PERMISSION(PERMISSION_ID,ROLE_ID) VALUES ('D06','1');

INSERT INTO SM_ROLE_PERMISSION(PERMISSION_ID,ROLE_ID) VALUES ('E','1');
INSERT INTO SM_ROLE_PERMISSION(PERMISSION_ID,ROLE_ID) VALUES ('E01','1');
INSERT INTO SM_ROLE_PERMISSION(PERMISSION_ID,ROLE_ID) VALUES ('E02','1');
INSERT INTO SM_ROLE_PERMISSION(PERMISSION_ID,ROLE_ID) VALUES ('E03','1');
INSERT INTO SM_ROLE_PERMISSION(PERMISSION_ID,ROLE_ID) VALUES ('E04','1');
INSERT INTO SM_ROLE_PERMISSION(PERMISSION_ID,ROLE_ID) VALUES ('E0401','1');
INSERT INTO SM_ROLE_PERMISSION(PERMISSION_ID,ROLE_ID) VALUES ('E05','1');
INSERT INTO SM_ROLE_PERMISSION(PERMISSION_ID,ROLE_ID) VALUES ('E0501','1');
INSERT INTO SM_ROLE_PERMISSION(PERMISSION_ID,ROLE_ID) VALUES ('E0502','1');
INSERT INTO SM_ROLE_PERMISSION(PERMISSION_ID,ROLE_ID) VALUES ('E0503','1');
INSERT INTO SM_ROLE_PERMISSION(PERMISSION_ID,ROLE_ID) VALUES ('E0504','1');

INSERT INTO SM_ROLE_PERMISSION(PERMISSION_ID,ROLE_ID) VALUES ('F','1');
INSERT INTO SM_ROLE_PERMISSION(PERMISSION_ID,ROLE_ID) VALUES ('F00','1');
INSERT INTO SM_ROLE_PERMISSION(PERMISSION_ID,ROLE_ID) VALUES ('F10','1');
INSERT INTO SM_ROLE_PERMISSION(PERMISSION_ID,ROLE_ID) VALUES ('F20','1');
INSERT INTO SM_ROLE_PERMISSION(PERMISSION_ID,ROLE_ID) VALUES ('F30','1');
INSERT INTO SM_ROLE_PERMISSION(PERMISSION_ID,ROLE_ID) VALUES ('F60','1');
INSERT INTO SM_ROLE_PERMISSION(PERMISSION_ID,ROLE_ID) VALUES ('F70','1');
INSERT INTO SM_ROLE_PERMISSION(PERMISSION_ID,ROLE_ID) VALUES ('F80','1');
INSERT INTO SM_ROLE_PERMISSION(PERMISSION_ID,ROLE_ID) VALUES ('F90','1');
INSERT INTO SM_ROLE_PERMISSION(PERMISSION_ID,ROLE_ID) VALUES ('F95','1');
INSERT INTO SM_ROLE_PERMISSION(PERMISSION_ID,ROLE_ID) VALUES ('F96','1');
INSERT INTO SM_ROLE_PERMISSION(PERMISSION_ID,ROLE_ID) VALUES ('F97','1');

INSERT INTO SM_ROLE_PERMISSION(PERMISSION_ID,ROLE_ID) VALUES ('Z','1');
INSERT INTO SM_ROLE_PERMISSION(PERMISSION_ID,ROLE_ID) VALUES ('Z01','1');
INSERT INTO SM_ROLE_PERMISSION(PERMISSION_ID,ROLE_ID) VALUES ('Z02','1');
INSERT INTO SM_ROLE_PERMISSION(PERMISSION_ID,ROLE_ID) VALUES ('Z03','1');



INSERT INTO SM_USER(ID,ACCESS_COUNT,CODE,ENABLED,FREEZE_TIME,ACCESS_TIME,LOGIN_FAIL_COUNT,PWD,PERSON_ID,IS_SYSTEM,STATE,USER_TYPE) VALUES ('1', '4', 'admin', '1', null,null, '0', '21232f297a57a5a743894a0e4a801fc3', '1', '0', '1',1);

INSERT INTO SM_USER_ROLE(USER_ROLE_ID,ROLE_ID,USER_ID) VALUES ('1', '1', '1');


INSERT INTO DEV_VENDOR(COUNTRY,HOTLINE1,NAME,STATUS) VALUES('YIHUA','02512345678','Yihua',0);

INSERT INTO DEV_TYPE(CASHTYPE,NAME,DEV_CATALOG_ID,DEV_VENDOR_ID) VALUES(0,'CDS6040W',2,1);
INSERT INTO DEV_TYPE(CASHTYPE,NAME,DEV_CATALOG_ID,DEV_VENDOR_ID) VALUES(0,'CDS6040T',2,1);

INSERT INTO VER_VERSION_TYPE(ID,TYPE_NAME,IS_DISPLAY,IS_SYSTEM,CUSTOM_VERSION,REMARK,DEFAULT_INSTALL_PATH,VERSION_CATALOG) VALUES ('1','advert','0','1','0','Advert','C:/yihua/gump/installation','ADVERT');
INSERT INTO VER_VERSION_TYPE(ID,TYPE_NAME,IS_DISPLAY,IS_SYSTEM,CUSTOM_VERSION,REMARK,DEFAULT_INSTALL_PATH,VERSION_CATALOG) VALUES ('2', 'gump-professional','1','1','1','JCols','C:/yihua/gump/installation','APP');
INSERT INTO VER_VERSION_TYPE(ID,TYPE_NAME,IS_DISPLAY,IS_SYSTEM,CUSTOM_VERSION,REMARK,DEFAULT_INSTALL_PATH,VERSION_CATALOG) VALUES ('3', 'ATMVC','1','1','1','Agent','d:/yihua/fish','V_AGENT');

INSERT INTO CASE_FAULT_CLASSIFY(ID, CLASSIFY_NAME,RESPONSOR_TYPE,RESOLVE_HOUR,UPGREAD,NOTIFY_TIMES,NOTIFY_WAY) VALUES('N_AP_STAT','ATMC status changed','ADMIN',0.0,0,1,'SMS');
INSERT INTO CASE_FAULT_CLASSIFY(ID, CLASSIFY_NAME,RESPONSOR_TYPE,RESOLVE_HOUR,UPGREAD,NOTIFY_TIMES,NOTIFY_WAY) VALUES('N_AP_SETUP','Sys init install','ADMIN',0.0,0,1,'SMS');
INSERT INTO CASE_FAULT_CLASSIFY(ID, CLASSIFY_NAME,RESPONSOR_TYPE,RESOLVE_HOUR,UPGREAD,NOTIFY_TIMES,NOTIFY_WAY) VALUES('F_MOD','HardwareError','ADMIN',0.0,0,1,'SMS');
INSERT INTO CASE_FAULT_CLASSIFY(ID, CLASSIFY_NAME,RESPONSOR_TYPE,RESOLVE_HOUR,UPGREAD,NOTIFY_TIMES,NOTIFY_WAY) VALUES('R_CASSET','CashEmpty','ADMIN',0.0,0,1,'SMS');
INSERT INTO CASE_FAULT_CLASSIFY(ID, CLASSIFY_NAME,RESPONSOR_TYPE,RESOLVE_HOUR,UPGREAD,NOTIFY_TIMES,NOTIFY_WAY) VALUES('R_PTR','PaperLow','ADMIN',0.0,0,1,'SMS');

INSERT INTO CASE_FAULT_CLASSIFY(ID,CLASSIFY_NAME,RESPONSOR_TYPE,RESOLVE_HOUR,UPGREAD,NOTIFY_TIMES,NOTIFY_WAY) VALUES ('R_CIM', 'CashFull', 'ADMIN', 0.0, 0, 1, 'SMS');
INSERT INTO CASE_FAULT_CLASSIFY(ID,CLASSIFY_NAME,RESPONSOR_TYPE,RESOLVE_HOUR,UPGREAD,NOTIFY_TIMES,NOTIFY_WAY) VALUES ('R_CDM', 'CashLow', 'ADMIN', 0.0, 0, 1, 'SMS');

INSERT INTO CASE_NOTIFY_MOULD(CLASSIFY_ID,NOTIFY_TYPE,NOTIFY_WAY,NOTIFY_SET) VALUES('N_AP_STAT','CREATE','SMS','Attention please:{terminalId}{faultClassify}{appStatus},Send by monitor system');
INSERT INTO CASE_NOTIFY_MOULD(CLASSIFY_ID,NOTIFY_TYPE,NOTIFY_WAY,NOTIFY_SET) VALUES('N_AP_SETUP','CREATE','SMS','Attention please:{terminalId}{faultClassify},Send by monitor system');
INSERT INTO CASE_NOTIFY_MOULD(CLASSIFY_ID,NOTIFY_TYPE,NOTIFY_WAY,NOTIFY_SET) VALUES('F_MOD','CREATE','SMS','Attention please:{terminalId}{faultClassify}{faultMod},Send by monitor system');
INSERT INTO CASE_NOTIFY_MOULD(CLASSIFY_ID,NOTIFY_TYPE,NOTIFY_WAY,NOTIFY_SET) VALUES('R_CASSET','CREATE','SMS','Attention please:{terminalId}{faultClassify},Send by monitor system');
INSERT INTO CASE_NOTIFY_MOULD(CLASSIFY_ID,NOTIFY_TYPE,NOTIFY_WAY,NOTIFY_SET) VALUES('R_PTR','CREATE','SMS','Attention please:{terminalId}{faultClassify}{faultMod},Send by monitor system');

INSERT INTO ATMC_TRANS_TYPE(TRANS_CODE,CODE_DESC,TRANS_SEQ)VALUES('INQ0','Query',1);
INSERT INTO ATMC_TRANS_TYPE(TRANS_CODE,CODE_DESC,TRANS_SEQ)VALUES('PWD0','Password',2);
INSERT INTO ATMC_TRANS_TYPE(TRANS_CODE,CODE_DESC,TRANS_SEQ)VALUES('CWD0','WithDraw',3);
INSERT INTO ATMC_TRANS_TYPE(TRANS_CODE,CODE_DESC,TRANS_SEQ)VALUES('CWD1','Large WithDraw',4);
INSERT INTO ATMC_TRANS_TYPE(TRANS_CODE,CODE_DESC,TRANS_SEQ)VALUES('CWD2','Small WithDraw',5);
INSERT INTO ATMC_TRANS_TYPE(TRANS_CODE,CODE_DESC,TRANS_SEQ)VALUES('CDM0','Deposit',6);
INSERT INTO ATMC_TRANS_TYPE(TRANS_CODE,CODE_DESC,TRANS_SEQ)VALUES('CDM1','Large Deposit',7);
INSERT INTO ATMC_TRANS_TYPE(TRANS_CODE,CODE_DESC,TRANS_SEQ)VALUES('CDM2','No Card Deposit',8);
INSERT INTO ATMC_TRANS_TYPE(TRANS_CODE,CODE_DESC,TRANS_SEQ)VALUES('TFR0','Transfer',9);


INSERT INTO SM_JOB_SYNCHRON (ID, JOB_NAME, SERVER_IP, JOB_DATE) VALUES ('backuptask', 'daliy_log_backup',  '127.0.0.1', '2010-12-13 00:00:00');
INSERT INTO SM_JOB_SYNCHRON (ID, JOB_NAME, SERVER_IP, JOB_DATE) VALUES ('offlinetask', 'device_status_check', '127.0.0.1', '2010-12-13 00:00:00');
INSERT INTO SM_JOB_SYNCHRON (ID, JOB_NAME, SERVER_IP, JOB_DATE) VALUES ('dayreporttask', 'daliy_report',  '127.0.0.1', '2010-12-13 00:00:00');
INSERT INTO SM_JOB_SYNCHRON (ID, JOB_NAME, SERVER_IP, JOB_DATE) VALUES ('monthreporttask', 'month_report', '127.0.0.1', '2010-12-13 00:00:00');
INSERT INTO SM_JOB_SYNCHRON (ID, JOB_NAME, SERVER_IP, JOB_DATE) VALUES ('yearreporttask', 'year_report', '127.0.0.1', '2010-12-13 00:00:00');
INSERT INTO SM_JOB_SYNCHRON (ID, JOB_NAME, SERVER_IP, JOB_DATE) VALUES ('deletetask', 'delete tmp file', '127.0.0.1', '2010-12-13 00:00:00');
